INSERT INTO Country (id, name) VALUES (8, 'Albania');
INSERT INTO Country (id, name) VALUES (10, 'Bangladesh');
INSERT INTO Country (id, name) VALUES (7, 'Brazil');
INSERT INTO Country (id, name) VALUES (17, 'Chad');
INSERT INTO Country (id, name) VALUES (18, 'Croatia');
INSERT INTO Country (id, name) VALUES (20, 'Egypt');
INSERT INTO Country (id, name) VALUES (2, 'El Salvador');
INSERT INTO Country (id, name) VALUES (13, 'Faroe Islands');
INSERT INTO Country (id, name) VALUES (4, 'Germany');
INSERT INTO Country (id, name) VALUES (19, 'Guam');
INSERT INTO Country (id, name) VALUES (5, 'Haiti');
INSERT INTO Country (id, name) VALUES (1, 'Italy');
INSERT INTO Country (id, name) VALUES (16, 'Jamaica');
INSERT INTO Country (id, name) VALUES (14, 'Maldives');
INSERT INTO Country (id, name) VALUES (6, 'Montenegro');
INSERT INTO Country (id, name) VALUES (12, 'Nepal');
INSERT INTO Country (id, name) VALUES (3, 'Niger');
INSERT INTO Country (id, name) VALUES (9, 'Somalia');
INSERT INTO Country (id, name) VALUES (11, 'Tokelau');
INSERT INTO Country (id, name) VALUES (15, 'Trinidad and Tobago');

INSERT INTO Functionality (id, type) VALUES (12, 'accusantium');
INSERT INTO Functionality (id, type) VALUES (7, 'asperiores');
INSERT INTO Functionality (id, type) VALUES (9, 'atque');
INSERT INTO Functionality (id, type) VALUES (6, 'aut');
INSERT INTO Functionality (id, type) VALUES (11, 'corrupti');
INSERT INTO Functionality (id, type) VALUES (15, 'eum');
INSERT INTO Functionality (id, type) VALUES (14, 'magnam');
INSERT INTO Functionality (id, type) VALUES (10, 'provident');
INSERT INTO Functionality (id, type) VALUES (8, 'qui');
INSERT INTO Functionality (id, type) VALUES (4, 'quidem');
INSERT INTO Functionality (id, type) VALUES (13, 'quis');
INSERT INTO Functionality (id, type) VALUES (1, 'recusandae');
INSERT INTO Functionality (id, type) VALUES (3, 'rerum');
INSERT INTO Functionality (id, type) VALUES (2, 'sed');
INSERT INTO Functionality (id, type) VALUES (5, 'voluptatibus');


INSERT INTO Sport (id, name) VALUES (13, 'a');
INSERT INTO Sport (id, name) VALUES (16, 'c');
INSERT INTO Sport (id, name) VALUES (15, 'd');
INSERT INTO Sport (id, name) VALUES (1, 'e');
INSERT INTO Sport (id, name) VALUES (10, 'f');
INSERT INTO Sport (id, name) VALUES (14, 'g');
INSERT INTO Sport (id, name) VALUES (7, 'h');
INSERT INTO Sport (id, name) VALUES (17, 'i');
INSERT INTO Sport (id, name) VALUES (20, 'k');
INSERT INTO Sport (id, name) VALUES (4, 'm');
INSERT INTO Sport (id, name) VALUES (2, 'n');
INSERT INTO Sport (id, name) VALUES (11, 'o');
INSERT INTO Sport (id, name) VALUES (18, 'p');
INSERT INTO Sport (id, name) VALUES (12, 'r');
INSERT INTO Sport (id, name) VALUES (19, 's');
INSERT INTO Sport (id, name) VALUES (5, 't');
INSERT INTO Sport (id, name) VALUES (3, 'u');
INSERT INTO Sport (id, name) VALUES (8, 'w');
INSERT INTO Sport (id, name) VALUES (9, 'x');
INSERT INTO Sport (id, name) VALUES (6, 'z');



INSERT INTO Volunteer (id, name, phone) VALUES (7, 'Robert', '(398)300-7918x138');
INSERT INTO Volunteer (id, name, phone) VALUES (10, 'Rosendo', '02639999147');
INSERT INTO Volunteer (id, name, phone) VALUES (23, 'Theron', '023.841.5508x11709');
INSERT INTO Volunteer (id, name, phone) VALUES (115, 'Jovanny', '(642)228-9016x58434');
INSERT INTO Volunteer (id, name, phone) VALUES (343, 'Mallory', '1-476-371-3826x06307');
INSERT INTO Volunteer (id, name, phone) VALUES (676, 'Torrey', '00289906368');
INSERT INTO Volunteer (id, name, phone) VALUES (821, 'Coleman', '068-974-3446x2398');
INSERT INTO Volunteer (id, name, phone) VALUES (1223, 'Deven', '207.864.2808x41419');
INSERT INTO Volunteer (id, name, phone) VALUES (1561, 'Hal', '(920)013-3313');
INSERT INTO Volunteer (id, name, phone) VALUES (1843, 'Rhett', '1-209-654-9571x99293');
INSERT INTO Volunteer (id, name, phone) VALUES (3183, 'Robin', '+70(9)8813361109');
INSERT INTO Volunteer (id, name, phone) VALUES (3216, 'Vince', '524.935.9227');
INSERT INTO Volunteer (id, name, phone) VALUES (3285, 'Osborne', '(647)576-3861x3435');
INSERT INTO Volunteer (id, name, phone) VALUES (3292, 'Jay', '1-212-828-5982x6356');
INSERT INTO Volunteer (id, name, phone) VALUES (3761, 'Eriberto', '(930)341-8501x4125');
INSERT INTO Volunteer (id, name, phone) VALUES (3763, 'Judd', '472.567.1136x654');
INSERT INTO Volunteer (id, name, phone) VALUES (3766, 'Ryann', '1-182-609-5571x790');
INSERT INTO Volunteer (id, name, phone) VALUES (4271, 'Jadon', '745-938-4552');
INSERT INTO Volunteer (id, name, phone) VALUES (4727, 'Reginald', '519-276-1893x459');
INSERT INTO Volunteer (id, name, phone) VALUES (4743, 'Skylar', '(581)346-9299x295');
INSERT INTO Volunteer (id, name, phone) VALUES (5062, 'Makenna', '913.869.9392x85494');
INSERT INTO Volunteer (id, name, phone) VALUES (5090, 'Noel', '+15(2)7378767822');
INSERT INTO Volunteer (id, name, phone) VALUES (5858, 'Darren', '+61(9)1350589935');
INSERT INTO Volunteer (id, name, phone) VALUES (5950, 'Destin', '784.810.7888');
INSERT INTO Volunteer (id, name, phone) VALUES (6269, 'Clifford', '(407)688-6455x7300');
INSERT INTO Volunteer (id, name, phone) VALUES (6381, 'Norberto', '09206140891');
INSERT INTO Volunteer (id, name, phone) VALUES (6672, 'Lewis', '022.617.2820x8631');
INSERT INTO Volunteer (id, name, phone) VALUES (6787, 'Laverne', '218-534-8540');
INSERT INTO Volunteer (id, name, phone) VALUES (6838, 'Raleigh', '870-415-7320x272');
INSERT INTO Volunteer (id, name, phone) VALUES (7527, 'Johan', '925-601-4431x0585');
INSERT INTO Volunteer (id, name, phone) VALUES (7579, 'Gardner', '00288552585');
INSERT INTO Volunteer (id, name, phone) VALUES (7828, 'Louvenia', '626-148-7721x2588');
INSERT INTO Volunteer (id, name, phone) VALUES (8306, 'Marlin', '(824)362-2881x10116');
INSERT INTO Volunteer (id, name, phone) VALUES (8334, 'Ayden', '1-410-206-7465x80302');
INSERT INTO Volunteer (id, name, phone) VALUES (8436, 'Hester', '928.214.9528');
INSERT INTO Volunteer (id, name, phone) VALUES (8440, 'Carlo', '793-542-1811x6742');
INSERT INTO Volunteer (id, name, phone) VALUES (8466, 'Guy', '1-314-363-8984x297');
INSERT INTO Volunteer (id, name, phone) VALUES (8562, 'Norberto', '163.659.4750');
INSERT INTO Volunteer (id, name, phone) VALUES (8787, 'Darrin', '850-415-6170');
INSERT INTO Volunteer (id, name, phone) VALUES (8914, 'Moriah', '(890)738-5550');
INSERT INTO Volunteer (id, name, phone) VALUES (8918, 'Enid', '(674)665-8354x73233');
INSERT INTO Volunteer (id, name, phone) VALUES (9060, 'Stuart', '(640)667-0590x7585');
INSERT INTO Volunteer (id, name, phone) VALUES (9077, 'Conner', '(124)501-2047');
INSERT INTO Volunteer (id, name, phone) VALUES (9122, 'Eliezer', '611.336.4780x301');
INSERT INTO Volunteer (id, name, phone) VALUES (9347, 'Bertha', '(755)421-4702x4269');
INSERT INTO Volunteer (id, name, phone) VALUES (9536, 'Maxine', '108.578.9802x0178');
INSERT INTO Volunteer (id, name, phone) VALUES (9641, 'Josh', '07616890503');
INSERT INTO Volunteer (id, name, phone) VALUES (9802, 'Glennie', '901.262.1250');
INSERT INTO Volunteer (id, name, phone) VALUES (9852, 'Dillan', '094-533-7133x95239');
INSERT INTO Volunteer (id, name, phone) VALUES (9930, 'Westley', '+62(6)3642461821');



INSERT INTO Construction (id, functionality, address, name) VALUES (1, 11, '86730 Hettinger Orchard New Laverne, AK 90781-6142', 'cupiditate');
INSERT INTO Construction (id, functionality, address, name) VALUES (2, 11, '57214 Meredith Viaduct Ceciliachester, FL 57320', 'accusamus');
INSERT INTO Construction (id, functionality, address, name) VALUES (3, 3, '067 Gislason Fork Keelingland, MN 80499-1296', 'dolorem');
INSERT INTO Construction (id, functionality, address, name) VALUES (4, 13, '2393 Cydney Grove Apt. 405 West Tyrellland, TX 485', 'eaque');
INSERT INTO Construction (id, functionality, address, name) VALUES (5, 1, '013 OConner Overpass Wardhaven, PA 34255-7585', 'labore');
INSERT INTO Construction (id, functionality, address, name) VALUES (6, 10, '8856 Walsh Viaduct Suite 284 West Peggie, FL 15725', 'repudiandae');
INSERT INTO Construction (id, functionality, address, name) VALUES (7, 14, '201 Christa Fort Suite 894 East Cindy, LA 84496-98', 'deserunt');
INSERT INTO Construction (id, functionality, address, name) VALUES (8, 3, '540 Jimmy Stream Suite 973 West Jonathon, LA 64891', 'molestiae');
INSERT INTO Construction (id, functionality, address, name) VALUES (9, 1, '04778 Simonis Prairie Yeseniafurt, KY 93485-8427', 'recusandae');
INSERT INTO Construction (id, functionality, address, name) VALUES (10, 15, '487 Modesta Loaf Lake Breanneside, NY 25932', 'omnis');
INSERT INTO Construction (id, functionality, address, name) VALUES (11, 1, '8867 Hailie Plains Apt. 600 Heaneyfort, LA 78947', 'expedita');
INSERT INTO Construction (id, functionality, address, name) VALUES (12, 2, '6750 Pacocha Fall Apt. 668 Boyerfurt, MA 00489', 'voluptate');
INSERT INTO Construction (id, functionality, address, name) VALUES (13, 5, '8888 Sydnie Vista Apt. 000 West Fredrick, WY 84988', 'eius');
INSERT INTO Construction (id, functionality, address, name) VALUES (14, 15, '861 Agnes Street Apt. 322 South Urban, KS 18637', 'est');
INSERT INTO Construction (id, functionality, address, name) VALUES (15, 3, '508 Fisher Glens Suite 420 West Vicenteville, OH 1', 'voluptatibus');
INSERT INTO Construction (id, functionality, address, name) VALUES (16, 12, '056 Allie Glens Suite 741 South Chadrickhaven, MD ', 'consectetur');
INSERT INTO Construction (id, functionality, address, name) VALUES (17, 15, '463 Moore Burgs North Faustoport, MI 58404-7082', 'iure');
INSERT INTO Construction (id, functionality, address, name) VALUES (18, 4, '37708 Danny Village North Myrtieburgh, RI 61237', 'velit');
INSERT INTO Construction (id, functionality, address, name) VALUES (19, 2, '24429 Kenton Springs Suite 029 West Paulfort, IL 4', 'ad');
INSERT INTO Construction (id, functionality, address, name) VALUES (20, 4, '8906 Shemar Station Mariachester, WV 91864', 'voluptates');


INSERT INTO ConstructionSports (construction_id, sport_id) VALUES (1, 5);
INSERT INTO ConstructionSports (construction_id, sport_id) VALUES (1, 10);
INSERT INTO ConstructionSports (construction_id, sport_id) VALUES (4, 17);
INSERT INTO ConstructionSports (construction_id, sport_id) VALUES (4, 20);
INSERT INTO ConstructionSports (construction_id, sport_id) VALUES (6, 3);
INSERT INTO ConstructionSports (construction_id, sport_id) VALUES (6, 7);
INSERT INTO ConstructionSports (construction_id, sport_id) VALUES (6, 17);
INSERT INTO ConstructionSports (construction_id, sport_id) VALUES (7, 4);
INSERT INTO ConstructionSports (construction_id, sport_id) VALUES (7, 6);
INSERT INTO ConstructionSports (construction_id, sport_id) VALUES (7, 10);
INSERT INTO ConstructionSports (construction_id, sport_id) VALUES (7, 19);
INSERT INTO ConstructionSports (construction_id, sport_id) VALUES (8, 16);
INSERT INTO ConstructionSports (construction_id, sport_id) VALUES (9, 5);
INSERT INTO ConstructionSports (construction_id, sport_id) VALUES (9, 6);
INSERT INTO ConstructionSports (construction_id, sport_id) VALUES (9, 8);
INSERT INTO ConstructionSports (construction_id, sport_id) VALUES (12, 13);
INSERT INTO ConstructionSports (construction_id, sport_id) VALUES (15, 12);
INSERT INTO ConstructionSports (construction_id, sport_id) VALUES (15, 13);
INSERT INTO ConstructionSports (construction_id, sport_id) VALUES (17, 1);
INSERT INTO ConstructionSports (construction_id, sport_id) VALUES (17, 2);




INSERT INTO Event (id, sport_id, event_date, event_time, construction_id) VALUES (1, 1, '2015-10-10', '14:56:08', 12);
INSERT INTO Event (id, sport_id, event_date, event_time, construction_id) VALUES (2, 5, '2006-12-29', '10:47:53', 14);
INSERT INTO Event (id, sport_id, event_date, event_time, construction_id) VALUES (3, 20, '1983-01-27', '10:02:56', 4);
INSERT INTO Event (id, sport_id, event_date, event_time, construction_id) VALUES (4, 16, '2007-07-01', '03:09:39', 12);
INSERT INTO Event (id, sport_id, event_date, event_time, construction_id) VALUES (5, 1, '1974-04-11', '06:45:52', 19);
INSERT INTO Event (id, sport_id, event_date, event_time, construction_id) VALUES (6, 12, '1986-03-28', '02:41:10', 7);
INSERT INTO Event (id, sport_id, event_date, event_time, construction_id) VALUES (7, 20, '1988-04-11', '03:05:22', 12);
INSERT INTO Event (id, sport_id, event_date, event_time, construction_id) VALUES (8, 20, '1988-09-25', '22:33:20', 13);
INSERT INTO Event (id, sport_id, event_date, event_time, construction_id) VALUES (9, 4, '1971-02-01', '02:51:39', 4);
INSERT INTO Event (id, sport_id, event_date, event_time, construction_id) VALUES (10, 2, '2008-02-19', '01:25:44', 15);
INSERT INTO Event (id, sport_id, event_date, event_time, construction_id) VALUES (11, 8, '1991-09-26', '22:56:18', 9);
INSERT INTO Event (id, sport_id, event_date, event_time, construction_id) VALUES (12, 6, '1996-06-10', '13:46:53', 2);
INSERT INTO Event (id, sport_id, event_date, event_time, construction_id) VALUES (13, 19, '2016-10-01', '02:52:04', 1);
INSERT INTO Event (id, sport_id, event_date, event_time, construction_id) VALUES (14, 15, '2001-04-19', '21:24:12', 12);
INSERT INTO Event (id, sport_id, event_date, event_time, construction_id) VALUES (15, 19, '2000-01-29', '08:29:01', 10);
INSERT INTO Event (id, sport_id, event_date, event_time, construction_id) VALUES (16, 10, '2009-06-14', '23:52:53', 19);
INSERT INTO Event (id, sport_id, event_date, event_time, construction_id) VALUES (17, 2, '2005-05-07', '06:37:38', 14);
INSERT INTO Event (id, sport_id, event_date, event_time, construction_id) VALUES (18, 13, '2007-04-17', '02:18:09', 1);
INSERT INTO Event (id, sport_id, event_date, event_time, construction_id) VALUES (19, 17, '1983-11-01', '20:50:21', 9);
INSERT INTO Event (id, sport_id, event_date, event_time, construction_id) VALUES (20, 13, '2008-05-18', '20:52:12', 17);
INSERT INTO Event (id, sport_id, event_date, event_time, construction_id) VALUES (21, 7, '1978-02-11', '12:20:55', 4);
INSERT INTO Event (id, sport_id, event_date, event_time, construction_id) VALUES (22, 3, '2010-03-12', '21:39:16', 7);
INSERT INTO Event (id, sport_id, event_date, event_time, construction_id) VALUES (23, 15, '2015-06-11', '02:12:54', 2);
INSERT INTO Event (id, sport_id, event_date, event_time, construction_id) VALUES (24, 20, '2016-09-07', '10:44:22', 19);
INSERT INTO Event (id, sport_id, event_date, event_time, construction_id) VALUES (25, 6, '2009-06-02', '13:14:18', 1);
INSERT INTO Event (id, sport_id, event_date, event_time, construction_id) VALUES (26, 14, '1975-12-22', '23:52:09', 13);
INSERT INTO Event (id, sport_id, event_date, event_time, construction_id) VALUES (27, 10, '1995-11-18', '01:34:09', 19);
INSERT INTO Event (id, sport_id, event_date, event_time, construction_id) VALUES (28, 15, '2013-05-29', '06:32:28', 9);
INSERT INTO Event (id, sport_id, event_date, event_time, construction_id) VALUES (29, 20, '1983-12-28', '14:52:11', 9);
INSERT INTO Event (id, sport_id, event_date, event_time, construction_id) VALUES (30, 20, '1984-11-10', '01:27:18', 18);
INSERT INTO Event (id, sport_id, event_date, event_time, construction_id) VALUES (31, 19, '1979-11-10', '21:36:03', 9);
INSERT INTO Event (id, sport_id, event_date, event_time, construction_id) VALUES (32, 17, '2003-11-19', '19:04:22', 20);
INSERT INTO Event (id, sport_id, event_date, event_time, construction_id) VALUES (33, 2, '1976-05-12', '07:47:28', 10);
INSERT INTO Event (id, sport_id, event_date, event_time, construction_id) VALUES (34, 1, '2001-02-22', '23:23:35', 19);
INSERT INTO Event (id, sport_id, event_date, event_time, construction_id) VALUES (35, 18, '1994-03-24', '07:57:56', 13);
INSERT INTO Event (id, sport_id, event_date, event_time, construction_id) VALUES (36, 16, '1985-01-05', '05:57:56', 5);
INSERT INTO Event (id, sport_id, event_date, event_time, construction_id) VALUES (37, 16, '1979-07-13', '05:16:07', 19);
INSERT INTO Event (id, sport_id, event_date, event_time, construction_id) VALUES (38, 11, '2007-12-25', '15:06:50', 10);
INSERT INTO Event (id, sport_id, event_date, event_time, construction_id) VALUES (39, 20, '1987-10-12', '02:06:55', 10);
INSERT INTO Event (id, sport_id, event_date, event_time, construction_id) VALUES (40, 9, '1996-04-10', '22:25:40', 6);
INSERT INTO Event (id, sport_id, event_date, event_time, construction_id) VALUES (41, 11, '1972-11-27', '20:41:39', 2);
INSERT INTO Event (id, sport_id, event_date, event_time, construction_id) VALUES (42, 19, '1993-03-22', '09:02:27', 20);
INSERT INTO Event (id, sport_id, event_date, event_time, construction_id) VALUES (43, 1, '2015-12-13', '17:33:37', 13);
INSERT INTO Event (id, sport_id, event_date, event_time, construction_id) VALUES (44, 9, '1982-10-27', '15:36:11', 20);
INSERT INTO Event (id, sport_id, event_date, event_time, construction_id) VALUES (45, 2, '1987-07-17', '22:08:34', 8);
INSERT INTO Event (id, sport_id, event_date, event_time, construction_id) VALUES (46, 18, '1978-02-19', '18:55:41', 20);
INSERT INTO Event (id, sport_id, event_date, event_time, construction_id) VALUES (47, 17, '1990-10-01', '12:41:22', 15);
INSERT INTO Event (id, sport_id, event_date, event_time, construction_id) VALUES (48, 20, '2015-02-14', '11:55:08', 19);
INSERT INTO Event (id, sport_id, event_date, event_time, construction_id) VALUES (49, 4, '1974-06-01', '00:22:33', 20);
INSERT INTO Event (id, sport_id, event_date, event_time, construction_id) VALUES (50, 17, '2004-10-13', '00:41:17', 1);
INSERT INTO Event (id, sport_id, event_date, event_time, construction_id) VALUES (51, 13, '2002-06-24', '11:45:33', 13);
INSERT INTO Event (id, sport_id, event_date, event_time, construction_id) VALUES (52, 6, '2015-07-01', '02:37:09', 8);
INSERT INTO Event (id, sport_id, event_date, event_time, construction_id) VALUES (53, 11, '2016-03-15', '15:36:42', 16);
INSERT INTO Event (id, sport_id, event_date, event_time, construction_id) VALUES (54, 18, '1973-10-08', '13:31:55', 11);
INSERT INTO Event (id, sport_id, event_date, event_time, construction_id) VALUES (55, 6, '1975-03-26', '15:18:26', 6);
INSERT INTO Event (id, sport_id, event_date, event_time, construction_id) VALUES (56, 16, '2009-06-22', '09:36:17', 17);
INSERT INTO Event (id, sport_id, event_date, event_time, construction_id) VALUES (57, 7, '2006-08-16', '01:59:39', 15);
INSERT INTO Event (id, sport_id, event_date, event_time, construction_id) VALUES (58, 17, '1977-10-22', '14:04:21', 7);
INSERT INTO Event (id, sport_id, event_date, event_time, construction_id) VALUES (59, 7, '1972-10-04', '00:25:50', 5);
INSERT INTO Event (id, sport_id, event_date, event_time, construction_id) VALUES (60, 7, '1985-08-06', '21:32:32', 8);
INSERT INTO Event (id, sport_id, event_date, event_time, construction_id) VALUES (61, 12, '2015-08-15', '12:17:39', 5);
INSERT INTO Event (id, sport_id, event_date, event_time, construction_id) VALUES (62, 8, '2014-06-26', '14:22:10', 9);
INSERT INTO Event (id, sport_id, event_date, event_time, construction_id) VALUES (63, 19, '1972-07-12', '08:25:11', 8);
INSERT INTO Event (id, sport_id, event_date, event_time, construction_id) VALUES (64, 7, '1977-08-28', '18:42:08', 2);
INSERT INTO Event (id, sport_id, event_date, event_time, construction_id) VALUES (65, 8, '1972-06-06', '21:34:48', 4);
INSERT INTO Event (id, sport_id, event_date, event_time, construction_id) VALUES (66, 3, '1992-04-17', '12:18:20', 20);
INSERT INTO Event (id, sport_id, event_date, event_time, construction_id) VALUES (67, 16, '2016-09-02', '18:41:58', 9);
INSERT INTO Event (id, sport_id, event_date, event_time, construction_id) VALUES (68, 8, '2007-07-05', '18:44:49', 7);
INSERT INTO Event (id, sport_id, event_date, event_time, construction_id) VALUES (69, 4, '1983-10-12', '07:33:40', 5);
INSERT INTO Event (id, sport_id, event_date, event_time, construction_id) VALUES (70, 17, '1997-12-11', '02:19:55', 10);



INSERT INTO Head (id, country_id, name, phone, headquarters_id) VALUES (2, 3, 'est', '902.123.3449', 9);
INSERT INTO Head (id, country_id, name, phone, headquarters_id) VALUES (7, 14, 'voluptatem', '(793)773-1051x66375', 13);
INSERT INTO Head (id, country_id, name, phone, headquarters_id) VALUES (19, 15, 'odio', '1-226-035-7714', 9);
INSERT INTO Head (id, country_id, name, phone, headquarters_id) VALUES (23, 8, 'neque', '1-263-425-4424x300', 7);
INSERT INTO Head (id, country_id, name, phone, headquarters_id) VALUES (27, 11, 'autem', '(520)633-6476x0295', 13);
INSERT INTO Head (id, country_id, name, phone, headquarters_id) VALUES (32, 16, 'qui', '515-252-8372x596', 16);
INSERT INTO Head (id, country_id, name, phone, headquarters_id) VALUES (45, 1, 'accusantium', '544.666.8627x737', 12);
INSERT INTO Head (id, country_id, name, phone, headquarters_id) VALUES (66, 20, 'ut', '1-526-479-4750x591', 14);
INSERT INTO Head (id, country_id, name, phone, headquarters_id) VALUES (68, 13, 'odio', '673-054-1630x8369', 11);
INSERT INTO Head (id, country_id, name, phone, headquarters_id) VALUES (82, 6, 'id', '734-625-4682x89745', 7);
INSERT INTO Head (id, country_id, name, phone, headquarters_id) VALUES (86, 7, 'id', '386.769.6132x950', 3);
INSERT INTO Head (id, country_id, name, phone, headquarters_id) VALUES (87, 9, 'iure', '117.534.7191', 7);
INSERT INTO Head (id, country_id, name, phone, headquarters_id) VALUES (93, 19, 'qui', '06706007837', 1);
INSERT INTO Head (id, country_id, name, phone, headquarters_id) VALUES (94, 17, 'sapiente', '211.394.4703', 2);



INSERT INTO Sportsman (id, name, age, sex, weight, height, country_id, home_id, volunteer_id) VALUES (7388, 'Dr. Jonathon Osinski', 28, 'm', 83, 216, 15, 20, 3766);
INSERT INTO Sportsman (id, name, age, sex, weight, height, country_id, home_id, volunteer_id) VALUES (10556, 'Reymundo Kutch', 92, 'm', 90, 239, 13, 10, 1561);
INSERT INTO Sportsman (id, name, age, sex, weight, height, country_id, home_id, volunteer_id) VALUES (13839, 'Mr. Rollin Goyette', 2, 'm', 69, 210, 18, 2, 343);
INSERT INTO Sportsman (id, name, age, sex, weight, height, country_id, home_id, volunteer_id) VALUES (16483, 'Tia Brakus', 35, 'm', 81, 186, 18, 18, 3183);
INSERT INTO Sportsman (id, name, age, sex, weight, height, country_id, home_id, volunteer_id) VALUES (26887, 'Jessy Hessel', 18, 'm', 66, 223, 9, 2, 7579);
INSERT INTO Sportsman (id, name, age, sex, weight, height, country_id, home_id, volunteer_id) VALUES (27028, 'Prof. Jaden Parker', 49, 'm', 71, 168, 1, 9, 8306);
INSERT INTO Sportsman (id, name, age, sex, weight, height, country_id, home_id, volunteer_id) VALUES (36590, 'Carter Wunsch', 77, 'm', 136, 168, 17, 3, 8440);
INSERT INTO Sportsman (id, name, age, sex, weight, height, country_id, home_id, volunteer_id) VALUES (37347, 'Alivia Nader', 15, 'm', 129, 223, 15, 16, 5062);
INSERT INTO Sportsman (id, name, age, sex, weight, height, country_id, home_id, volunteer_id) VALUES (38226, 'Prof. Rodrick Cole I', 69, 'm', 117, 156, 19, 17, 7527);
INSERT INTO Sportsman (id, name, age, sex, weight, height, country_id, home_id, volunteer_id) VALUES (39346, 'Valentina Treutel', 8, 'm', 124, 211, 2, 14, 6381);
INSERT INTO Sportsman (id, name, age, sex, weight, height, country_id, home_id, volunteer_id) VALUES (47893, 'Phoebe Blanda', 27, 'm', 58, 160, 6, 18, 9347);
INSERT INTO Sportsman (id, name, age, sex, weight, height, country_id, home_id, volunteer_id) VALUES (67444, 'Jeremie Nicolas', 41, 'm', 137, 175, 3, 5, 3761);
INSERT INTO Sportsman (id, name, age, sex, weight, height, country_id, home_id, volunteer_id) VALUES (83288, 'Lilyan Leannon II', 17, 'm', 82, 245, 1, 7, 6787);
INSERT INTO Sportsman (id, name, age, sex, weight, height, country_id, home_id, volunteer_id) VALUES (85905, 'Mr. Edwin Durgan V', 8, 'm', 62, 202, 5, 1, 8436);
INSERT INTO Sportsman (id, name, age, sex, weight, height, country_id, home_id, volunteer_id) VALUES (86817, 'Paul Abbott', 74, 'm', 134, 220, 16, 18, 4727);
INSERT INTO Sportsman (id, name, age, sex, weight, height, country_id, home_id, volunteer_id) VALUES (87266, 'Maxwell Ryan', 22, 'm', 88, 164, 16, 12, 676);
INSERT INTO Sportsman (id, name, age, sex, weight, height, country_id, home_id, volunteer_id) VALUES (91909, 'Dr. Gunnar Buckridge PhD', 34, 'm', 94, 152, 13, 7, 9347);
INSERT INTO Sportsman (id, name, age, sex, weight, height, country_id, home_id, volunteer_id) VALUES (98033, 'Bell Abshire II', 64, 'm', 78, 161, 3, 13, 8918);
INSERT INTO Sportsman (id, name, age, sex, weight, height, country_id, home_id, volunteer_id) VALUES (98401, 'Barton Schaefer', 40, 'm', 123, 232, 20, 10, 9641);
INSERT INTO Sportsman (id, name, age, sex, weight, height, country_id, home_id, volunteer_id) VALUES (105483, 'Mrs. Aracely Kuhlman', 95, 'm', 95, 172, 6, 2, 4727);
INSERT INTO Sportsman (id, name, age, sex, weight, height, country_id, home_id, volunteer_id) VALUES (115972, 'Zackary Collins', 58, 'm', 135, 191, 13, 2, 8918);
INSERT INTO Sportsman (id, name, age, sex, weight, height, country_id, home_id, volunteer_id) VALUES (119336, 'Chad Leffler', 89, 'm', 84, 194, 3, 16, 676);
INSERT INTO Sportsman (id, name, age, sex, weight, height, country_id, home_id, volunteer_id) VALUES (124008, 'Daisha Homenick', 21, 'm', 133, 184, 18, 9, 4271);
INSERT INTO Sportsman (id, name, age, sex, weight, height, country_id, home_id, volunteer_id) VALUES (129335, 'Bella Nicolas', 76, 'm', 120, 179, 2, 16, 8914);
INSERT INTO Sportsman (id, name, age, sex, weight, height, country_id, home_id, volunteer_id) VALUES (129731, 'Prof. Darrin Larson III', 83, 'm', 44, 228, 11, 1, 7527);
INSERT INTO Sportsman (id, name, age, sex, weight, height, country_id, home_id, volunteer_id) VALUES (143057, 'Stanford Larkin', 75, 'm', 106, 241, 5, 9, 8466);
INSERT INTO Sportsman (id, name, age, sex, weight, height, country_id, home_id, volunteer_id) VALUES (162052, 'Kaelyn Kerluke I', 86, 'm', 47, 216, 7, 16, 3292);
INSERT INTO Sportsman (id, name, age, sex, weight, height, country_id, home_id, volunteer_id) VALUES (162871, 'Prof. Al Gerlach', 87, 'm', 46, 179, 6, 5, 6269);
INSERT INTO Sportsman (id, name, age, sex, weight, height, country_id, home_id, volunteer_id) VALUES (164576, 'Tierra Heathcote', 24, 'm', 49, 177, 18, 15, 8334);
INSERT INTO Sportsman (id, name, age, sex, weight, height, country_id, home_id, volunteer_id) VALUES (175283, 'Dr. Odell McDermott V', 42, 'm', 69, 231, 9, 10, 1561);
INSERT INTO Sportsman (id, name, age, sex, weight, height, country_id, home_id, volunteer_id) VALUES (175434, 'Mrs. Delilah Purdy Jr.', 39, 'm', 133, 178, 19, 2, 9536);
INSERT INTO Sportsman (id, name, age, sex, weight, height, country_id, home_id, volunteer_id) VALUES (176611, 'Julio Howell', 76, 'm', 80, 196, 15, 7, 10);
INSERT INTO Sportsman (id, name, age, sex, weight, height, country_id, home_id, volunteer_id) VALUES (180768, 'Prof. Marcel Walsh', 75, 'm', 68, 214, 15, 16, 9536);
INSERT INTO Sportsman (id, name, age, sex, weight, height, country_id, home_id, volunteer_id) VALUES (182100, 'Dr. Easter Kuhn Jr.', 66, 'm', 87, 167, 20, 12, 5950);
INSERT INTO Sportsman (id, name, age, sex, weight, height, country_id, home_id, volunteer_id) VALUES (186810, 'Prof. Zelma Berge', 48, 'm', 60, 180, 6, 18, 5950);
INSERT INTO Sportsman (id, name, age, sex, weight, height, country_id, home_id, volunteer_id) VALUES (198251, 'Maybelle McClure II', 80, 'm', 114, 164, 16, 9, 8562);
INSERT INTO Sportsman (id, name, age, sex, weight, height, country_id, home_id, volunteer_id) VALUES (199083, 'Matt Rippin', 7, 'm', 117, 218, 8, 13, 676);
INSERT INTO Sportsman (id, name, age, sex, weight, height, country_id, home_id, volunteer_id) VALUES (204475, 'Jayne Lind V', 88, 'm', 127, 244, 5, 19, 3763);
INSERT INTO Sportsman (id, name, age, sex, weight, height, country_id, home_id, volunteer_id) VALUES (207322, 'Ms. Rosalia Miller', 12, 'm', 108, 236, 2, 7, 821);
INSERT INTO Sportsman (id, name, age, sex, weight, height, country_id, home_id, volunteer_id) VALUES (213135, 'Olaf Shields IV', 95, 'm', 87, 191, 5, 20, 3285);
INSERT INTO Sportsman (id, name, age, sex, weight, height, country_id, home_id, volunteer_id) VALUES (228713, 'Adolfo McClure I', 13, 'm', 102, 245, 13, 6, 5090);
INSERT INTO Sportsman (id, name, age, sex, weight, height, country_id, home_id, volunteer_id) VALUES (229340, 'Mr. Kelton Johnson Jr.', 10, 'm', 110, 204, 14, 2, 3763);
INSERT INTO Sportsman (id, name, age, sex, weight, height, country_id, home_id, volunteer_id) VALUES (229761, 'Hector Ebert', 29, 'm', 99, 191, 16, 7, 3183);
INSERT INTO Sportsman (id, name, age, sex, weight, height, country_id, home_id, volunteer_id) VALUES (233640, 'Dr. Deron Stoltenberg', 7, 'm', 100, 187, 3, 9, 8562);
INSERT INTO Sportsman (id, name, age, sex, weight, height, country_id, home_id, volunteer_id) VALUES (237320, 'Linwood Swift', 59, 'm', 45, 242, 1, 18, 10);
INSERT INTO Sportsman (id, name, age, sex, weight, height, country_id, home_id, volunteer_id) VALUES (238015, 'Dr. Amy Jones', 5, 'm', 88, 165, 20, 10, 4743);
INSERT INTO Sportsman (id, name, age, sex, weight, height, country_id, home_id, volunteer_id) VALUES (241635, 'Dr. Nicklaus Schumm', 46, 'm', 136, 212, 4, 11, 5090);
INSERT INTO Sportsman (id, name, age, sex, weight, height, country_id, home_id, volunteer_id) VALUES (243846, 'Pat Dicki', 96, 'm', 94, 186, 7, 10, 3216);
INSERT INTO Sportsman (id, name, age, sex, weight, height, country_id, home_id, volunteer_id) VALUES (244256, 'Edison Wiegand', 84, 'm', 48, 221, 16, 3, 3761);
INSERT INTO Sportsman (id, name, age, sex, weight, height, country_id, home_id, volunteer_id) VALUES (248487, 'Ms. Dannie Doyle MD', 68, 'm', 54, 181, 2, 20, 3763);
INSERT INTO Sportsman (id, name, age, sex, weight, height, country_id, home_id, volunteer_id) VALUES (249402, 'Christiana Klocko', 14, 'm', 120, 208, 12, 17, 8306);
INSERT INTO Sportsman (id, name, age, sex, weight, height, country_id, home_id, volunteer_id) VALUES (251987, 'Mrs. Yoshiko Graham', 69, 'm', 73, 232, 10, 4, 23);
INSERT INTO Sportsman (id, name, age, sex, weight, height, country_id, home_id, volunteer_id) VALUES (257570, 'Mathilde Lueilwitz', 54, 'm', 125, 165, 11, 16, 7527);
INSERT INTO Sportsman (id, name, age, sex, weight, height, country_id, home_id, volunteer_id) VALUES (264601, 'Prof. Camylle Mills PhD', 91, 'm', 85, 179, 20, 13, 3285);
INSERT INTO Sportsman (id, name, age, sex, weight, height, country_id, home_id, volunteer_id) VALUES (268213, 'Theresa Cartwright', 13, 'm', 67, 169, 14, 17, 9852);
INSERT INTO Sportsman (id, name, age, sex, weight, height, country_id, home_id, volunteer_id) VALUES (271844, 'Giovanni Keebler', 42, 'm', 78, 195, 17, 10, 3292);
INSERT INTO Sportsman (id, name, age, sex, weight, height, country_id, home_id, volunteer_id) VALUES (274675, 'Vernon Wunsch', 98, 'm', 87, 245, 14, 8, 8440);
INSERT INTO Sportsman (id, name, age, sex, weight, height, country_id, home_id, volunteer_id) VALUES (283353, 'Shana Dietrich', 44, 'm', 122, 190, 14, 15, 9852);
INSERT INTO Sportsman (id, name, age, sex, weight, height, country_id, home_id, volunteer_id) VALUES (284018, 'Wilford Fay Jr.', 18, 'm', 56, 162, 17, 6, 9077);
INSERT INTO Sportsman (id, name, age, sex, weight, height, country_id, home_id, volunteer_id) VALUES (286757, 'Emanuel Bahringer', 68, 'm', 43, 177, 15, 8, 8306);
INSERT INTO Sportsman (id, name, age, sex, weight, height, country_id, home_id, volunteer_id) VALUES (289021, 'Verda Skiles', 54, 'm', 90, 194, 18, 15, 3216);
INSERT INTO Sportsman (id, name, age, sex, weight, height, country_id, home_id, volunteer_id) VALUES (291141, 'Reilly McKenzie', 61, 'm', 131, 161, 5, 6, 9536);
INSERT INTO Sportsman (id, name, age, sex, weight, height, country_id, home_id, volunteer_id) VALUES (291575, 'Angelina Kohler', 43, 'm', 117, 202, 17, 4, 6269);
INSERT INTO Sportsman (id, name, age, sex, weight, height, country_id, home_id, volunteer_id) VALUES (307820, 'Mrs. Janessa Bechtelar', 63, 'm', 128, 218, 20, 14, 5062);
INSERT INTO Sportsman (id, name, age, sex, weight, height, country_id, home_id, volunteer_id) VALUES (308198, 'Mrs. Karelle Gleichner DVM', 56, 'm', 117, 243, 12, 14, 3292);
INSERT INTO Sportsman (id, name, age, sex, weight, height, country_id, home_id, volunteer_id) VALUES (315435, 'Jamar Powlowski', 70, 'm', 102, 204, 20, 17, 8436);
INSERT INTO Sportsman (id, name, age, sex, weight, height, country_id, home_id, volunteer_id) VALUES (341172, 'Elyse Goodwin', 73, 'm', 75, 188, 20, 3, 9930);
INSERT INTO Sportsman (id, name, age, sex, weight, height, country_id, home_id, volunteer_id) VALUES (344119, 'Vivienne Keeling', 87, 'm', 89, 151, 1, 4, 3285);
INSERT INTO Sportsman (id, name, age, sex, weight, height, country_id, home_id, volunteer_id) VALUES (357331, 'Monserrat Hagenes', 100, 'm', 82, 187, 10, 15, 3285);
INSERT INTO Sportsman (id, name, age, sex, weight, height, country_id, home_id, volunteer_id) VALUES (363447, 'Prof. Jeremie Hahn', 24, 'm', 135, 228, 13, 13, 9347);
INSERT INTO Sportsman (id, name, age, sex, weight, height, country_id, home_id, volunteer_id) VALUES (370552, 'Blanca Wisozk V', 7, 'm', 129, 245, 8, 14, 7828);
INSERT INTO Sportsman (id, name, age, sex, weight, height, country_id, home_id, volunteer_id) VALUES (370947, 'Prof. Ned Ferry III', 91, 'm', 137, 192, 3, 16, 343);
INSERT INTO Sportsman (id, name, age, sex, weight, height, country_id, home_id, volunteer_id) VALUES (385230, 'Valentin McDermott', 76, 'm', 108, 157, 17, 17, 23);
INSERT INTO Sportsman (id, name, age, sex, weight, height, country_id, home_id, volunteer_id) VALUES (387439, 'Destin Homenick IV', 74, 'm', 95, 184, 6, 9, 9536);
INSERT INTO Sportsman (id, name, age, sex, weight, height, country_id, home_id, volunteer_id) VALUES (389804, 'Sanford Lowe', 13, 'm', 70, 236, 17, 9, 5858);
INSERT INTO Sportsman (id, name, age, sex, weight, height, country_id, home_id, volunteer_id) VALUES (397087, 'Reese Roob', 33, 'm', 46, 229, 8, 3, 343);
INSERT INTO Sportsman (id, name, age, sex, weight, height, country_id, home_id, volunteer_id) VALUES (400806, 'Mr. Cooper Mitchell DDS', 20, 'm', 133, 247, 8, 15, 821);
INSERT INTO Sportsman (id, name, age, sex, weight, height, country_id, home_id, volunteer_id) VALUES (408491, 'Gwendolyn Cassin', 79, 'm', 98, 220, 8, 4, 7828);
INSERT INTO Sportsman (id, name, age, sex, weight, height, country_id, home_id, volunteer_id) VALUES (408869, 'Orrin Effertz', 35, 'm', 56, 164, 2, 8, 9641);
INSERT INTO Sportsman (id, name, age, sex, weight, height, country_id, home_id, volunteer_id) VALUES (409418, 'Prof. Modesto Fay', 76, 'm', 83, 242, 11, 17, 3292);
INSERT INTO Sportsman (id, name, age, sex, weight, height, country_id, home_id, volunteer_id) VALUES (415003, 'Dr. Mandy Raynor IV', 97, 'm', 44, 202, 6, 16, 343);
INSERT INTO Sportsman (id, name, age, sex, weight, height, country_id, home_id, volunteer_id) VALUES (423364, 'June Collins', 45, 'm', 66, 163, 5, 13, 3285);
INSERT INTO Sportsman (id, name, age, sex, weight, height, country_id, home_id, volunteer_id) VALUES (425336, 'Dr. Joan Hirthe', 34, 'm', 92, 245, 16, 18, 5090);
INSERT INTO Sportsman (id, name, age, sex, weight, height, country_id, home_id, volunteer_id) VALUES (432593, 'Harvey Wyman', 23, 'm', 52, 213, 1, 18, 5858);
INSERT INTO Sportsman (id, name, age, sex, weight, height, country_id, home_id, volunteer_id) VALUES (438496, 'Ines Gibson', 80, 'm', 88, 155, 20, 17, 9641);
INSERT INTO Sportsman (id, name, age, sex, weight, height, country_id, home_id, volunteer_id) VALUES (440560, 'Kameron Kemmer', 58, 'm', 78, 195, 4, 4, 8918);
INSERT INTO Sportsman (id, name, age, sex, weight, height, country_id, home_id, volunteer_id) VALUES (460869, 'Golda McDermott', 36, 'm', 45, 164, 13, 5, 9347);
INSERT INTO Sportsman (id, name, age, sex, weight, height, country_id, home_id, volunteer_id) VALUES (462012, 'Zakary Greenholt', 10, 'm', 116, 179, 14, 1, 3763);
INSERT INTO Sportsman (id, name, age, sex, weight, height, country_id, home_id, volunteer_id) VALUES (465021, 'Maxime Wiegand', 3, 'm', 94, 241, 17, 8, 8562);
INSERT INTO Sportsman (id, name, age, sex, weight, height, country_id, home_id, volunteer_id) VALUES (480860, 'Prof. Keith Breitenberg', 23, 'm', 71, 177, 11, 3, 23);
INSERT INTO Sportsman (id, name, age, sex, weight, height, country_id, home_id, volunteer_id) VALUES (483492, 'Ollie Feest', 81, 'm', 42, 154, 15, 19, 3763);
INSERT INTO Sportsman (id, name, age, sex, weight, height, country_id, home_id, volunteer_id) VALUES (490201, 'Destany Leffler', 92, 'm', 116, 199, 16, 1, 3763);
INSERT INTO Sportsman (id, name, age, sex, weight, height, country_id, home_id, volunteer_id) VALUES (503237, 'Ivy Deckow MD', 94, 'm', 109, 227, 9, 5, 3763);
INSERT INTO Sportsman (id, name, age, sex, weight, height, country_id, home_id, volunteer_id) VALUES (509641, 'Mr. Reagan Hartmann', 91, 'm', 74, 217, 18, 16, 676);
INSERT INTO Sportsman (id, name, age, sex, weight, height, country_id, home_id, volunteer_id) VALUES (517832, 'Eladio Lindgren', 54, 'm', 133, 234, 12, 16, 821);
INSERT INTO Sportsman (id, name, age, sex, weight, height, country_id, home_id, volunteer_id) VALUES (522287, 'Olin Stanton IV', 16, 'm', 47, 196, 3, 12, 4743);
INSERT INTO Sportsman (id, name, age, sex, weight, height, country_id, home_id, volunteer_id) VALUES (526287, 'Osborne Murray', 29, 'm', 93, 212, 10, 1, 8787);
INSERT INTO Sportsman (id, name, age, sex, weight, height, country_id, home_id, volunteer_id) VALUES (528939, 'Paolo Weimann', 24, 'm', 120, 215, 19, 8, 1843);
INSERT INTO Sportsman (id, name, age, sex, weight, height, country_id, home_id, volunteer_id) VALUES (529062, 'Mrs. Athena Cartwright', 29, 'm', 135, 180, 10, 3, 9060);
INSERT INTO Sportsman (id, name, age, sex, weight, height, country_id, home_id, volunteer_id) VALUES (529437, 'Nannie Larkin', 95, 'm', 72, 177, 1, 12, 10);
INSERT INTO Sportsman (id, name, age, sex, weight, height, country_id, home_id, volunteer_id) VALUES (533414, 'Reyna Yost PhD', 82, 'm', 43, 184, 4, 16, 8914);
INSERT INTO Sportsman (id, name, age, sex, weight, height, country_id, home_id, volunteer_id) VALUES (537102, 'Adela Terry MD', 61, 'm', 130, 207, 13, 15, 3216);
INSERT INTO Sportsman (id, name, age, sex, weight, height, country_id, home_id, volunteer_id) VALUES (555145, 'Missouri Stroman', 28, 'm', 71, 225, 3, 4, 115);
INSERT INTO Sportsman (id, name, age, sex, weight, height, country_id, home_id, volunteer_id) VALUES (561382, 'Verona Bode', 66, 'm', 43, 236, 18, 20, 9641);
INSERT INTO Sportsman (id, name, age, sex, weight, height, country_id, home_id, volunteer_id) VALUES (563316, 'Dana Carroll', 71, 'm', 72, 183, 13, 2, 8436);
INSERT INTO Sportsman (id, name, age, sex, weight, height, country_id, home_id, volunteer_id) VALUES (565592, 'Oceane Prosacco', 60, 'm', 67, 224, 5, 11, 4743);
INSERT INTO Sportsman (id, name, age, sex, weight, height, country_id, home_id, volunteer_id) VALUES (568986, 'Mrs. Chanelle Ledner II', 84, 'm', 59, 210, 11, 10, 9852);
INSERT INTO Sportsman (id, name, age, sex, weight, height, country_id, home_id, volunteer_id) VALUES (570089, 'Aliza Kuhn', 87, 'm', 129, 232, 15, 3, 343);
INSERT INTO Sportsman (id, name, age, sex, weight, height, country_id, home_id, volunteer_id) VALUES (575290, 'Prof. Dorian Grimes DDS', 39, 'm', 56, 250, 18, 11, 6838);
INSERT INTO Sportsman (id, name, age, sex, weight, height, country_id, home_id, volunteer_id) VALUES (578109, 'Mr. Jeffrey Harris V', 65, 'm', 85, 159, 6, 11, 7828);
INSERT INTO Sportsman (id, name, age, sex, weight, height, country_id, home_id, volunteer_id) VALUES (584884, 'Kennith Crona MD', 85, 'm', 118, 202, 7, 3, 8306);
INSERT INTO Sportsman (id, name, age, sex, weight, height, country_id, home_id, volunteer_id) VALUES (600977, 'Adolf Jaskolski', 32, 'm', 119, 197, 14, 13, 1561);
INSERT INTO Sportsman (id, name, age, sex, weight, height, country_id, home_id, volunteer_id) VALUES (606258, 'Eldridge Beatty', 59, 'm', 83, 165, 3, 14, 8914);
INSERT INTO Sportsman (id, name, age, sex, weight, height, country_id, home_id, volunteer_id) VALUES (611882, 'Gabriel Walsh IV', 65, 'm', 73, 238, 7, 13, 3292);
INSERT INTO Sportsman (id, name, age, sex, weight, height, country_id, home_id, volunteer_id) VALUES (615423, 'Mr. Jaquan Hermiston Jr.', 85, 'm', 61, 240, 7, 11, 4743);
INSERT INTO Sportsman (id, name, age, sex, weight, height, country_id, home_id, volunteer_id) VALUES (621981, 'Syble Hammes', 21, 'm', 112, 159, 15, 19, 6672);
INSERT INTO Sportsman (id, name, age, sex, weight, height, country_id, home_id, volunteer_id) VALUES (622541, 'Dr. Kyle Parker IV', 98, 'm', 124, 204, 3, 11, 9641);
INSERT INTO Sportsman (id, name, age, sex, weight, height, country_id, home_id, volunteer_id) VALUES (622874, 'Mrs. Alvena Gaylord Sr.', 21, 'm', 101, 218, 15, 16, 3285);
INSERT INTO Sportsman (id, name, age, sex, weight, height, country_id, home_id, volunteer_id) VALUES (625609, 'Vicenta Little DDS', 65, 'm', 86, 188, 14, 6, 8440);
INSERT INTO Sportsman (id, name, age, sex, weight, height, country_id, home_id, volunteer_id) VALUES (625612, 'Esperanza Rolfson', 14, 'm', 74, 152, 6, 19, 9802);
INSERT INTO Sportsman (id, name, age, sex, weight, height, country_id, home_id, volunteer_id) VALUES (632098, 'Russel Rippin', 12, 'm', 84, 247, 19, 3, 1223);
INSERT INTO Sportsman (id, name, age, sex, weight, height, country_id, home_id, volunteer_id) VALUES (634780, 'Jeremie Quigley DVM', 89, 'm', 102, 182, 7, 13, 4727);
INSERT INTO Sportsman (id, name, age, sex, weight, height, country_id, home_id, volunteer_id) VALUES (638068, 'Shany Pagac', 38, 'm', 130, 191, 18, 17, 9930);
INSERT INTO Sportsman (id, name, age, sex, weight, height, country_id, home_id, volunteer_id) VALUES (648854, 'Prof. Giovanny Stark IV', 35, 'm', 92, 229, 4, 1, 6838);
INSERT INTO Sportsman (id, name, age, sex, weight, height, country_id, home_id, volunteer_id) VALUES (652118, 'Marianne Goldner', 13, 'm', 103, 224, 16, 6, 8436);
INSERT INTO Sportsman (id, name, age, sex, weight, height, country_id, home_id, volunteer_id) VALUES (655115, 'Ms. Leta Bashirian V', 65, 'm', 85, 237, 20, 20, 821);
INSERT INTO Sportsman (id, name, age, sex, weight, height, country_id, home_id, volunteer_id) VALUES (657749, 'Rickey Walter', 36, 'm', 64, 192, 10, 20, 9852);
INSERT INTO Sportsman (id, name, age, sex, weight, height, country_id, home_id, volunteer_id) VALUES (662722, 'Ms. Fleta Welch II', 25, 'm', 109, 237, 18, 14, 7527);
INSERT INTO Sportsman (id, name, age, sex, weight, height, country_id, home_id, volunteer_id) VALUES (664784, 'Salvatore Conroy', 49, 'm', 102, 174, 15, 14, 8440);
INSERT INTO Sportsman (id, name, age, sex, weight, height, country_id, home_id, volunteer_id) VALUES (665267, 'Woodrow OConnell', 80, 'm', 66, 193, 5, 8, 8440);
INSERT INTO Sportsman (id, name, age, sex, weight, height, country_id, home_id, volunteer_id) VALUES (667752, 'Merritt Prosacco', 6, 'm', 129, 187, 7, 18, 7527);
INSERT INTO Sportsman (id, name, age, sex, weight, height, country_id, home_id, volunteer_id) VALUES (674062, 'Dr. Tara Bartell', 29, 'm', 71, 179, 5, 12, 4727);
INSERT INTO Sportsman (id, name, age, sex, weight, height, country_id, home_id, volunteer_id) VALUES (675815, 'Carter Toy DDS', 34, 'm', 81, 190, 4, 11, 7);
INSERT INTO Sportsman (id, name, age, sex, weight, height, country_id, home_id, volunteer_id) VALUES (677057, 'Izabella Schroeder', 20, 'm', 56, 216, 8, 19, 23);
INSERT INTO Sportsman (id, name, age, sex, weight, height, country_id, home_id, volunteer_id) VALUES (680130, 'Prof. Nico Johnson V', 96, 'm', 134, 244, 7, 13, 8306);
INSERT INTO Sportsman (id, name, age, sex, weight, height, country_id, home_id, volunteer_id) VALUES (684003, 'Dina Jaskolski II', 65, 'm', 124, 191, 8, 20, 9852);
INSERT INTO Sportsman (id, name, age, sex, weight, height, country_id, home_id, volunteer_id) VALUES (689639, 'Oceane Mertz I', 91, 'm', 111, 245, 7, 18, 8787);
INSERT INTO Sportsman (id, name, age, sex, weight, height, country_id, home_id, volunteer_id) VALUES (700499, 'Name Swift Sr.', 85, 'm', 121, 217, 18, 18, 8440);
INSERT INTO Sportsman (id, name, age, sex, weight, height, country_id, home_id, volunteer_id) VALUES (704710, 'Dr. Roman Grady Sr.', 74, 'm', 80, 234, 3, 9, 9930);
INSERT INTO Sportsman (id, name, age, sex, weight, height, country_id, home_id, volunteer_id) VALUES (707287, 'Maiya Dooley', 49, 'm', 92, 196, 2, 4, 9802);
INSERT INTO Sportsman (id, name, age, sex, weight, height, country_id, home_id, volunteer_id) VALUES (708427, 'Waldo Gislason', 85, 'm', 66, 160, 1, 18, 10);
INSERT INTO Sportsman (id, name, age, sex, weight, height, country_id, home_id, volunteer_id) VALUES (713079, 'Ms. Micaela Waters PhD', 27, 'm', 56, 198, 3, 5, 8440);
INSERT INTO Sportsman (id, name, age, sex, weight, height, country_id, home_id, volunteer_id) VALUES (713083, 'Joy Langworth', 33, 'm', 80, 216, 12, 12, 5062);
INSERT INTO Sportsman (id, name, age, sex, weight, height, country_id, home_id, volunteer_id) VALUES (715583, 'Nina Little', 44, 'm', 90, 205, 5, 17, 5090);
INSERT INTO Sportsman (id, name, age, sex, weight, height, country_id, home_id, volunteer_id) VALUES (732843, 'Demario Kozey Jr.', 27, 'm', 103, 190, 12, 2, 3761);
INSERT INTO Sportsman (id, name, age, sex, weight, height, country_id, home_id, volunteer_id) VALUES (734184, 'Owen McDermott', 34, 'm', 118, 237, 18, 8, 6269);
INSERT INTO Sportsman (id, name, age, sex, weight, height, country_id, home_id, volunteer_id) VALUES (737533, 'Angeline Quitzon', 28, 'm', 55, 152, 3, 10, 8306);
INSERT INTO Sportsman (id, name, age, sex, weight, height, country_id, home_id, volunteer_id) VALUES (747690, 'Leanne Gusikowski', 92, 'm', 44, 236, 2, 2, 1843);
INSERT INTO Sportsman (id, name, age, sex, weight, height, country_id, home_id, volunteer_id) VALUES (754426, 'Mr. Hershel Lang IV', 59, 'm', 78, 237, 6, 14, 10);
INSERT INTO Sportsman (id, name, age, sex, weight, height, country_id, home_id, volunteer_id) VALUES (759271, 'Tillman Smith', 75, 'm', 54, 225, 20, 9, 9852);
INSERT INTO Sportsman (id, name, age, sex, weight, height, country_id, home_id, volunteer_id) VALUES (766406, 'Dr. Eliane Waters Jr.', 42, 'm', 97, 164, 1, 20, 6787);
INSERT INTO Sportsman (id, name, age, sex, weight, height, country_id, home_id, volunteer_id) VALUES (780774, 'Morton Hackett II', 75, 'm', 108, 172, 12, 13, 3761);
INSERT INTO Sportsman (id, name, age, sex, weight, height, country_id, home_id, volunteer_id) VALUES (790874, 'Monica Gaylord', 48, 'm', 116, 203, 14, 8, 115);
INSERT INTO Sportsman (id, name, age, sex, weight, height, country_id, home_id, volunteer_id) VALUES (794094, 'Emma Grant', 61, 'm', 51, 164, 6, 17, 9852);
INSERT INTO Sportsman (id, name, age, sex, weight, height, country_id, home_id, volunteer_id) VALUES (796379, 'Timothy Feil Sr.', 92, 'm', 40, 182, 4, 9, 8334);
INSERT INTO Sportsman (id, name, age, sex, weight, height, country_id, home_id, volunteer_id) VALUES (796488, 'Rachael Franecki DVM', 77, 'm', 106, 183, 8, 14, 6672);
INSERT INTO Sportsman (id, name, age, sex, weight, height, country_id, home_id, volunteer_id) VALUES (799322, 'Alf Hoeger II', 2, 'm', 84, 240, 6, 12, 9077);
INSERT INTO Sportsman (id, name, age, sex, weight, height, country_id, home_id, volunteer_id) VALUES (801145, 'Otha OKon', 45, 'm', 44, 179, 16, 1, 9536);
INSERT INTO Sportsman (id, name, age, sex, weight, height, country_id, home_id, volunteer_id) VALUES (816743, 'Ms. Octavia Schimmel', 61, 'm', 81, 189, 10, 13, 6787);
INSERT INTO Sportsman (id, name, age, sex, weight, height, country_id, home_id, volunteer_id) VALUES (816836, 'Keven Luettgen', 64, 'm', 131, 200, 13, 19, 4271);
INSERT INTO Sportsman (id, name, age, sex, weight, height, country_id, home_id, volunteer_id) VALUES (820073, 'Ernest Reilly', 13, 'm', 55, 151, 13, 4, 6672);
INSERT INTO Sportsman (id, name, age, sex, weight, height, country_id, home_id, volunteer_id) VALUES (831786, 'Dianna Schroeder', 40, 'm', 132, 170, 20, 11, 115);
INSERT INTO Sportsman (id, name, age, sex, weight, height, country_id, home_id, volunteer_id) VALUES (833748, 'Prof. Etha Zemlak II', 92, 'm', 134, 212, 3, 8, 1561);
INSERT INTO Sportsman (id, name, age, sex, weight, height, country_id, home_id, volunteer_id) VALUES (835258, 'Kelly Cronin', 41, 'm', 137, 213, 2, 12, 676);
INSERT INTO Sportsman (id, name, age, sex, weight, height, country_id, home_id, volunteer_id) VALUES (842670, 'Prof. Hester Pagac', 43, 'm', 85, 166, 14, 2, 6838);
INSERT INTO Sportsman (id, name, age, sex, weight, height, country_id, home_id, volunteer_id) VALUES (843082, 'Ernestine Littel', 56, 'm', 74, 154, 17, 5, 8466);
INSERT INTO Sportsman (id, name, age, sex, weight, height, country_id, home_id, volunteer_id) VALUES (852550, 'Mr. Barney Walker', 27, 'm', 132, 153, 6, 20, 3763);
INSERT INTO Sportsman (id, name, age, sex, weight, height, country_id, home_id, volunteer_id) VALUES (865858, 'Paolo Hilpert', 76, 'm', 101, 184, 1, 16, 4743);
INSERT INTO Sportsman (id, name, age, sex, weight, height, country_id, home_id, volunteer_id) VALUES (867244, 'Dr. Larue Rosenbaum Jr.', 4, 'm', 45, 164, 7, 18, 9641);
INSERT INTO Sportsman (id, name, age, sex, weight, height, country_id, home_id, volunteer_id) VALUES (873521, 'Marlin Weber', 14, 'm', 57, 177, 5, 18, 7828);
INSERT INTO Sportsman (id, name, age, sex, weight, height, country_id, home_id, volunteer_id) VALUES (873810, 'Dr. Sylvan Howe', 39, 'm', 80, 227, 9, 8, 3761);
INSERT INTO Sportsman (id, name, age, sex, weight, height, country_id, home_id, volunteer_id) VALUES (874624, 'Murray DAmore', 80, 'm', 128, 152, 4, 9, 9802);
INSERT INTO Sportsman (id, name, age, sex, weight, height, country_id, home_id, volunteer_id) VALUES (875928, 'Ms. Lauren Kihn MD', 2, 'm', 91, 218, 11, 7, 9122);
INSERT INTO Sportsman (id, name, age, sex, weight, height, country_id, home_id, volunteer_id) VALUES (877887, 'Erika Wolf', 15, 'm', 97, 162, 14, 19, 343);
INSERT INTO Sportsman (id, name, age, sex, weight, height, country_id, home_id, volunteer_id) VALUES (879786, 'Dr. Kayley Wiegand DVM', 8, 'm', 129, 197, 4, 20, 3183);
INSERT INTO Sportsman (id, name, age, sex, weight, height, country_id, home_id, volunteer_id) VALUES (887193, 'Derrick Hegmann', 39, 'm', 132, 210, 20, 7, 8562);
INSERT INTO Sportsman (id, name, age, sex, weight, height, country_id, home_id, volunteer_id) VALUES (895945, 'Cayla Ratke', 26, 'm', 122, 217, 4, 18, 8562);
INSERT INTO Sportsman (id, name, age, sex, weight, height, country_id, home_id, volunteer_id) VALUES (897257, 'Mr. Erin King Sr.', 10, 'm', 111, 178, 2, 20, 5090);
INSERT INTO Sportsman (id, name, age, sex, weight, height, country_id, home_id, volunteer_id) VALUES (900178, 'Brionna Moen', 37, 'm', 129, 170, 1, 18, 1843);
INSERT INTO Sportsman (id, name, age, sex, weight, height, country_id, home_id, volunteer_id) VALUES (900955, 'Prof. Hosea Breitenberg DVM', 91, 'm', 68, 150, 7, 19, 9077);
INSERT INTO Sportsman (id, name, age, sex, weight, height, country_id, home_id, volunteer_id) VALUES (901048, 'Russel Baumbach Jr.', 52, 'm', 73, 161, 18, 17, 7828);
INSERT INTO Sportsman (id, name, age, sex, weight, height, country_id, home_id, volunteer_id) VALUES (904945, 'Jennings Schaefer', 47, 'm', 61, 167, 4, 1, 6269);
INSERT INTO Sportsman (id, name, age, sex, weight, height, country_id, home_id, volunteer_id) VALUES (909008, 'Marcella Upton', 49, 'm', 113, 161, 10, 13, 9347);
INSERT INTO Sportsman (id, name, age, sex, weight, height, country_id, home_id, volunteer_id) VALUES (912185, 'Bernita Emmerich', 24, 'm', 87, 156, 19, 12, 8436);
INSERT INTO Sportsman (id, name, age, sex, weight, height, country_id, home_id, volunteer_id) VALUES (915307, 'Quincy Murray', 10, 'm', 75, 191, 18, 5, 5062);
INSERT INTO Sportsman (id, name, age, sex, weight, height, country_id, home_id, volunteer_id) VALUES (915795, 'Mrs. Annette Mante', 37, 'm', 66, 224, 16, 14, 1561);
INSERT INTO Sportsman (id, name, age, sex, weight, height, country_id, home_id, volunteer_id) VALUES (915816, 'Marcella Marks', 96, 'm', 119, 172, 3, 20, 8562);
INSERT INTO Sportsman (id, name, age, sex, weight, height, country_id, home_id, volunteer_id) VALUES (915854, 'Jessika Volkman', 35, 'm', 77, 211, 16, 6, 6381);
INSERT INTO Sportsman (id, name, age, sex, weight, height, country_id, home_id, volunteer_id) VALUES (918721, 'Matilde Franecki V', 40, 'm', 101, 230, 14, 1, 4271);
INSERT INTO Sportsman (id, name, age, sex, weight, height, country_id, home_id, volunteer_id) VALUES (924493, 'Genesis Kuphal IV', 69, 'm', 99, 213, 11, 17, 5062);
INSERT INTO Sportsman (id, name, age, sex, weight, height, country_id, home_id, volunteer_id) VALUES (939135, 'Mr. Chester Kemmer', 76, 'm', 105, 224, 1, 15, 10);
INSERT INTO Sportsman (id, name, age, sex, weight, height, country_id, home_id, volunteer_id) VALUES (950708, 'Rocio Lueilwitz', 52, 'm', 125, 187, 17, 20, 3285);
INSERT INTO Sportsman (id, name, age, sex, weight, height, country_id, home_id, volunteer_id) VALUES (960801, 'Jaunita Stiedemann III', 100, 'm', 113, 220, 3, 4, 9347);
INSERT INTO Sportsman (id, name, age, sex, weight, height, country_id, home_id, volunteer_id) VALUES (971000, 'Manuela Hessel', 70, 'm', 65, 214, 4, 20, 9536);
INSERT INTO Sportsman (id, name, age, sex, weight, height, country_id, home_id, volunteer_id) VALUES (971462, 'Jany Zemlak', 66, 'm', 88, 213, 9, 11, 9536);
INSERT INTO Sportsman (id, name, age, sex, weight, height, country_id, home_id, volunteer_id) VALUES (977112, 'Miss Reina Kuhlman', 55, 'm', 117, 183, 20, 16, 3292);
INSERT INTO Sportsman (id, name, age, sex, weight, height, country_id, home_id, volunteer_id) VALUES (980134, 'Miss Felipa Ferry', 23, 'm', 40, 200, 13, 19, 3761);
INSERT INTO Sportsman (id, name, age, sex, weight, height, country_id, home_id, volunteer_id) VALUES (983566, 'Sheldon Block', 85, 'm', 82, 157, 1, 4, 8787);
INSERT INTO Sportsman (id, name, age, sex, weight, height, country_id, home_id, volunteer_id) VALUES (985259, 'Quinn Jacobson', 92, 'm', 99, 201, 11, 2, 1561);
INSERT INTO Sportsman (id, name, age, sex, weight, height, country_id, home_id, volunteer_id) VALUES (987781, 'Charlie Powlowski', 25, 'm', 120, 208, 9, 13, 5090);


INSERT INTO SportsmanEvents (sportsman_id, event_id, medal) VALUES (7388, 34, NULL);
INSERT INTO SportsmanEvents (sportsman_id, event_id, medal) VALUES (10556, 23, NULL);
INSERT INTO SportsmanEvents (sportsman_id, event_id, medal) VALUES (10556, 38, NULL);
INSERT INTO SportsmanEvents (sportsman_id, event_id, medal) VALUES (16483, 32, NULL);
INSERT INTO SportsmanEvents (sportsman_id, event_id, medal) VALUES (16483, 52, NULL);
INSERT INTO SportsmanEvents (sportsman_id, event_id, medal) VALUES (26887, 19, NULL);
INSERT INTO SportsmanEvents (sportsman_id, event_id, medal) VALUES (26887, 21, NULL);
INSERT INTO SportsmanEvents (sportsman_id, event_id, medal) VALUES (36590, 33, NULL);
INSERT INTO SportsmanEvents (sportsman_id, event_id, medal) VALUES (37347, 61, NULL);
INSERT INTO SportsmanEvents (sportsman_id, event_id, medal) VALUES (39346, 3, NULL);
INSERT INTO SportsmanEvents (sportsman_id, event_id, medal) VALUES (47893, 7, NULL);
INSERT INTO SportsmanEvents (sportsman_id, event_id, medal) VALUES (47893, 41, NULL);
INSERT INTO SportsmanEvents (sportsman_id, event_id, medal) VALUES (47893, 56, NULL);
INSERT INTO SportsmanEvents (sportsman_id, event_id, medal) VALUES (67444, 20, NULL);
INSERT INTO SportsmanEvents (sportsman_id, event_id, medal) VALUES (67444, 35, NULL);
INSERT INTO SportsmanEvents (sportsman_id, event_id, medal) VALUES (67444, 45, NULL);
INSERT INTO SportsmanEvents (sportsman_id, event_id, medal) VALUES (85905, 27, NULL);
INSERT INTO SportsmanEvents (sportsman_id, event_id, medal) VALUES (85905, 52, NULL);
INSERT INTO SportsmanEvents (sportsman_id, event_id, medal) VALUES (91909, 44, NULL);
INSERT INTO SportsmanEvents (sportsman_id, event_id, medal) VALUES (98033, 61, NULL);
INSERT INTO SportsmanEvents (sportsman_id, event_id, medal) VALUES (98401, 54, NULL);
INSERT INTO SportsmanEvents (sportsman_id, event_id, medal) VALUES (105483, 6, NULL);
INSERT INTO SportsmanEvents (sportsman_id, event_id, medal) VALUES (105483, 26, NULL);
INSERT INTO SportsmanEvents (sportsman_id, event_id, medal) VALUES (105483, 47, NULL);
INSERT INTO SportsmanEvents (sportsman_id, event_id, medal) VALUES (105483, 56, NULL);
INSERT INTO SportsmanEvents (sportsman_id, event_id, medal) VALUES (115972, 21, NULL);
INSERT INTO SportsmanEvents (sportsman_id, event_id, medal) VALUES (115972, 42, NULL);
INSERT INTO SportsmanEvents (sportsman_id, event_id, medal) VALUES (115972, 62, NULL);
INSERT INTO SportsmanEvents (sportsman_id, event_id, medal) VALUES (119336, 34, NULL);
INSERT INTO SportsmanEvents (sportsman_id, event_id, medal) VALUES (124008, 18, NULL);
INSERT INTO SportsmanEvents (sportsman_id, event_id, medal) VALUES (129731, 47, NULL);
INSERT INTO SportsmanEvents (sportsman_id, event_id, medal) VALUES (143057, 23, NULL);
INSERT INTO SportsmanEvents (sportsman_id, event_id, medal) VALUES (143057, 66, NULL);
INSERT INTO SportsmanEvents (sportsman_id, event_id, medal) VALUES (162052, 45, NULL);
INSERT INTO SportsmanEvents (sportsman_id, event_id, medal) VALUES (162052, 62, NULL);
INSERT INTO SportsmanEvents (sportsman_id, event_id, medal) VALUES (162871, 4, NULL);
INSERT INTO SportsmanEvents (sportsman_id, event_id, medal) VALUES (162871, 5, NULL);
INSERT INTO SportsmanEvents (sportsman_id, event_id, medal) VALUES (164576, 54, NULL);
INSERT INTO SportsmanEvents (sportsman_id, event_id, medal) VALUES (175434, 68, NULL);
INSERT INTO SportsmanEvents (sportsman_id, event_id, medal) VALUES (175434, 69, NULL);
INSERT INTO SportsmanEvents (sportsman_id, event_id, medal) VALUES (176611, 4, NULL);
INSERT INTO SportsmanEvents (sportsman_id, event_id, medal) VALUES (176611, 6, NULL);
INSERT INTO SportsmanEvents (sportsman_id, event_id, medal) VALUES (176611, 30, NULL);
INSERT INTO SportsmanEvents (sportsman_id, event_id, medal) VALUES (180768, 25, NULL);
INSERT INTO SportsmanEvents (sportsman_id, event_id, medal) VALUES (180768, 51, NULL);
INSERT INTO SportsmanEvents (sportsman_id, event_id, medal) VALUES (180768, 70, NULL);
INSERT INTO SportsmanEvents (sportsman_id, event_id, medal) VALUES (182100, 57, NULL);
INSERT INTO SportsmanEvents (sportsman_id, event_id, medal) VALUES (186810, 61, NULL);
INSERT INTO SportsmanEvents (sportsman_id, event_id, medal) VALUES (198251, 56, NULL);
INSERT INTO SportsmanEvents (sportsman_id, event_id, medal) VALUES (204475, 1, NULL);
INSERT INTO SportsmanEvents (sportsman_id, event_id, medal) VALUES (207322, 28, NULL);
INSERT INTO SportsmanEvents (sportsman_id, event_id, medal) VALUES (207322, 58, NULL);
INSERT INTO SportsmanEvents (sportsman_id, event_id, medal) VALUES (213135, 60, NULL);
INSERT INTO SportsmanEvents (sportsman_id, event_id, medal) VALUES (228713, 43, NULL);
INSERT INTO SportsmanEvents (sportsman_id, event_id, medal) VALUES (229340, 9, NULL);
INSERT INTO SportsmanEvents (sportsman_id, event_id, medal) VALUES (229340, 16, NULL);
INSERT INTO SportsmanEvents (sportsman_id, event_id, medal) VALUES (229340, 18, NULL);
INSERT INTO SportsmanEvents (sportsman_id, event_id, medal) VALUES (229340, 22, NULL);
INSERT INTO SportsmanEvents (sportsman_id, event_id, medal) VALUES (229340, 46, NULL);
INSERT INTO SportsmanEvents (sportsman_id, event_id, medal) VALUES (233640, 6, NULL);
INSERT INTO SportsmanEvents (sportsman_id, event_id, medal) VALUES (237320, 22, NULL);
INSERT INTO SportsmanEvents (sportsman_id, event_id, medal) VALUES (237320, 57, NULL);
INSERT INTO SportsmanEvents (sportsman_id, event_id, medal) VALUES (238015, 56, NULL);
INSERT INTO SportsmanEvents (sportsman_id, event_id, medal) VALUES (241635, 7, NULL);
INSERT INTO SportsmanEvents (sportsman_id, event_id, medal) VALUES (241635, 31, NULL);
INSERT INTO SportsmanEvents (sportsman_id, event_id, medal) VALUES (244256, 4, NULL);
INSERT INTO SportsmanEvents (sportsman_id, event_id, medal) VALUES (248487, 34, NULL);
INSERT INTO SportsmanEvents (sportsman_id, event_id, medal) VALUES (248487, 43, NULL);
INSERT INTO SportsmanEvents (sportsman_id, event_id, medal) VALUES (248487, 60, NULL);
INSERT INTO SportsmanEvents (sportsman_id, event_id, medal) VALUES (249402, 32, NULL);
INSERT INTO SportsmanEvents (sportsman_id, event_id, medal) VALUES (251987, 63, NULL);
INSERT INTO SportsmanEvents (sportsman_id, event_id, medal) VALUES (257570, 55, NULL);
INSERT INTO SportsmanEvents (sportsman_id, event_id, medal) VALUES (264601, 8, NULL);
INSERT INTO SportsmanEvents (sportsman_id, event_id, medal) VALUES (264601, 52, NULL);
INSERT INTO SportsmanEvents (sportsman_id, event_id, medal) VALUES (264601, 58, NULL);
INSERT INTO SportsmanEvents (sportsman_id, event_id, medal) VALUES (268213, 19, NULL);
INSERT INTO SportsmanEvents (sportsman_id, event_id, medal) VALUES (271844, 10, NULL);
INSERT INTO SportsmanEvents (sportsman_id, event_id, medal) VALUES (271844, 64, NULL);
INSERT INTO SportsmanEvents (sportsman_id, event_id, medal) VALUES (283353, 58, NULL);
INSERT INTO SportsmanEvents (sportsman_id, event_id, medal) VALUES (283353, 62, NULL);
INSERT INTO SportsmanEvents (sportsman_id, event_id, medal) VALUES (284018, 57, NULL);
INSERT INTO SportsmanEvents (sportsman_id, event_id, medal) VALUES (286757, 23, NULL);
INSERT INTO SportsmanEvents (sportsman_id, event_id, medal) VALUES (289021, 43, NULL);
INSERT INTO SportsmanEvents (sportsman_id, event_id, medal) VALUES (291141, 28, NULL);
INSERT INTO SportsmanEvents (sportsman_id, event_id, medal) VALUES (307820, 9, NULL);
INSERT INTO SportsmanEvents (sportsman_id, event_id, medal) VALUES (307820, 52, NULL);
INSERT INTO SportsmanEvents (sportsman_id, event_id, medal) VALUES (308198, 44, NULL);
INSERT INTO SportsmanEvents (sportsman_id, event_id, medal) VALUES (315435, 29, NULL);
INSERT INTO SportsmanEvents (sportsman_id, event_id, medal) VALUES (315435, 59, NULL);
INSERT INTO SportsmanEvents (sportsman_id, event_id, medal) VALUES (341172, 8, NULL);
INSERT INTO SportsmanEvents (sportsman_id, event_id, medal) VALUES (341172, 54, NULL);
INSERT INTO SportsmanEvents (sportsman_id, event_id, medal) VALUES (344119, 19, NULL);
INSERT INTO SportsmanEvents (sportsman_id, event_id, medal) VALUES (357331, 29, NULL);
INSERT INTO SportsmanEvents (sportsman_id, event_id, medal) VALUES (357331, 44, NULL);
INSERT INTO SportsmanEvents (sportsman_id, event_id, medal) VALUES (370552, 9, NULL);
INSERT INTO SportsmanEvents (sportsman_id, event_id, medal) VALUES (370552, 61, NULL);
INSERT INTO SportsmanEvents (sportsman_id, event_id, medal) VALUES (370947, 34, NULL);
INSERT INTO SportsmanEvents (sportsman_id, event_id, medal) VALUES (370947, 52, NULL);
INSERT INTO SportsmanEvents (sportsman_id, event_id, medal) VALUES (385230, 31, NULL);
INSERT INTO SportsmanEvents (sportsman_id, event_id, medal) VALUES (385230, 69, NULL);
INSERT INTO SportsmanEvents (sportsman_id, event_id, medal) VALUES (387439, 35, NULL);
INSERT INTO SportsmanEvents (sportsman_id, event_id, medal) VALUES (387439, 56, NULL);
INSERT INTO SportsmanEvents (sportsman_id, event_id, medal) VALUES (389804, 47, NULL);
INSERT INTO SportsmanEvents (sportsman_id, event_id, medal) VALUES (408491, 46, NULL);
INSERT INTO SportsmanEvents (sportsman_id, event_id, medal) VALUES (408869, 11, NULL);
INSERT INTO SportsmanEvents (sportsman_id, event_id, medal) VALUES (415003, 67, NULL);
INSERT INTO SportsmanEvents (sportsman_id, event_id, medal) VALUES (425336, 33, NULL);
INSERT INTO SportsmanEvents (sportsman_id, event_id, medal) VALUES (425336, 61, NULL);
INSERT INTO SportsmanEvents (sportsman_id, event_id, medal) VALUES (425336, 63, NULL);
INSERT INTO SportsmanEvents (sportsman_id, event_id, medal) VALUES (460869, 20, NULL);
INSERT INTO SportsmanEvents (sportsman_id, event_id, medal) VALUES (465021, 59, NULL);
INSERT INTO SportsmanEvents (sportsman_id, event_id, medal) VALUES (480860, 13, NULL);
INSERT INTO SportsmanEvents (sportsman_id, event_id, medal) VALUES (480860, 57, NULL);
INSERT INTO SportsmanEvents (sportsman_id, event_id, medal) VALUES (480860, 65, NULL);
INSERT INTO SportsmanEvents (sportsman_id, event_id, medal) VALUES (483492, 2, NULL);
INSERT INTO SportsmanEvents (sportsman_id, event_id, medal) VALUES (483492, 13, NULL);
INSERT INTO SportsmanEvents (sportsman_id, event_id, medal) VALUES (483492, 61, NULL);
INSERT INTO SportsmanEvents (sportsman_id, event_id, medal) VALUES (483492, 67, NULL);
INSERT INTO SportsmanEvents (sportsman_id, event_id, medal) VALUES (490201, 18, NULL);
INSERT INTO SportsmanEvents (sportsman_id, event_id, medal) VALUES (490201, 49, NULL);
INSERT INTO SportsmanEvents (sportsman_id, event_id, medal) VALUES (503237, 27, NULL);
INSERT INTO SportsmanEvents (sportsman_id, event_id, medal) VALUES (509641, 63, NULL);
INSERT INTO SportsmanEvents (sportsman_id, event_id, medal) VALUES (517832, 26, NULL);
INSERT INTO SportsmanEvents (sportsman_id, event_id, medal) VALUES (522287, 9, NULL);
INSERT INTO SportsmanEvents (sportsman_id, event_id, medal) VALUES (526287, 4, NULL);
INSERT INTO SportsmanEvents (sportsman_id, event_id, medal) VALUES (526287, 40, NULL);
INSERT INTO SportsmanEvents (sportsman_id, event_id, medal) VALUES (529062, 15, NULL);
INSERT INTO SportsmanEvents (sportsman_id, event_id, medal) VALUES (529437, 26, NULL);
INSERT INTO SportsmanEvents (sportsman_id, event_id, medal) VALUES (533414, 2, NULL);
INSERT INTO SportsmanEvents (sportsman_id, event_id, medal) VALUES (533414, 19, NULL);
INSERT INTO SportsmanEvents (sportsman_id, event_id, medal) VALUES (533414, 35, NULL);
INSERT INTO SportsmanEvents (sportsman_id, event_id, medal) VALUES (537102, 9, NULL);
INSERT INTO SportsmanEvents (sportsman_id, event_id, medal) VALUES (537102, 39, NULL);
INSERT INTO SportsmanEvents (sportsman_id, event_id, medal) VALUES (537102, 70, NULL);
INSERT INTO SportsmanEvents (sportsman_id, event_id, medal) VALUES (555145, 57, NULL);
INSERT INTO SportsmanEvents (sportsman_id, event_id, medal) VALUES (555145, 70, NULL);
INSERT INTO SportsmanEvents (sportsman_id, event_id, medal) VALUES (561382, 9, NULL);
INSERT INTO SportsmanEvents (sportsman_id, event_id, medal) VALUES (563316, 70, NULL);
INSERT INTO SportsmanEvents (sportsman_id, event_id, medal) VALUES (565592, 13, NULL);
INSERT INTO SportsmanEvents (sportsman_id, event_id, medal) VALUES (565592, 29, NULL);
INSERT INTO SportsmanEvents (sportsman_id, event_id, medal) VALUES (565592, 61, NULL);
INSERT INTO SportsmanEvents (sportsman_id, event_id, medal) VALUES (568986, 32, NULL);
INSERT INTO SportsmanEvents (sportsman_id, event_id, medal) VALUES (568986, 38, NULL);
INSERT INTO SportsmanEvents (sportsman_id, event_id, medal) VALUES (568986, 68, NULL);
INSERT INTO SportsmanEvents (sportsman_id, event_id, medal) VALUES (570089, 63, NULL);
INSERT INTO SportsmanEvents (sportsman_id, event_id, medal) VALUES (575290, 33, NULL);
INSERT INTO SportsmanEvents (sportsman_id, event_id, medal) VALUES (578109, 10, NULL);
INSERT INTO SportsmanEvents (sportsman_id, event_id, medal) VALUES (578109, 53, NULL);
INSERT INTO SportsmanEvents (sportsman_id, event_id, medal) VALUES (584884, 3, NULL);
INSERT INTO SportsmanEvents (sportsman_id, event_id, medal) VALUES (584884, 46, NULL);
INSERT INTO SportsmanEvents (sportsman_id, event_id, medal) VALUES (584884, 50, NULL);
INSERT INTO SportsmanEvents (sportsman_id, event_id, medal) VALUES (600977, 16, NULL);
INSERT INTO SportsmanEvents (sportsman_id, event_id, medal) VALUES (606258, 4, NULL);
INSERT INTO SportsmanEvents (sportsman_id, event_id, medal) VALUES (606258, 19, NULL);
INSERT INTO SportsmanEvents (sportsman_id, event_id, medal) VALUES (611882, 26, NULL);
INSERT INTO SportsmanEvents (sportsman_id, event_id, medal) VALUES (611882, 49, NULL);
INSERT INTO SportsmanEvents (sportsman_id, event_id, medal) VALUES (611882, 63, 'gold');
INSERT INTO SportsmanEvents (sportsman_id, event_id, medal) VALUES (615423, 21, NULL);
INSERT INTO SportsmanEvents (sportsman_id, event_id, medal) VALUES (615423, 60, NULL);
INSERT INTO SportsmanEvents (sportsman_id, event_id, medal) VALUES (622541, 19, NULL);
INSERT INTO SportsmanEvents (sportsman_id, event_id, medal) VALUES (622541, 24, NULL);
INSERT INTO SportsmanEvents (sportsman_id, event_id, medal) VALUES (622874, 66, 'silver');
INSERT INTO SportsmanEvents (sportsman_id, event_id, medal) VALUES (622874, 68, 'silver');
INSERT INTO SportsmanEvents (sportsman_id, event_id, medal) VALUES (625609, 56, 'silver');
INSERT INTO SportsmanEvents (sportsman_id, event_id, medal) VALUES (632098, 63, 'silver');
INSERT INTO SportsmanEvents (sportsman_id, event_id, medal) VALUES (638068, 2, 'silver');
INSERT INTO SportsmanEvents (sportsman_id, event_id, medal) VALUES (638068, 35, 'silver');
INSERT INTO SportsmanEvents (sportsman_id, event_id, medal) VALUES (638068, 46, 'silver');
INSERT INTO SportsmanEvents (sportsman_id, event_id, medal) VALUES (638068, 67, 'silver');
INSERT INTO SportsmanEvents (sportsman_id, event_id, medal) VALUES (648854, 46, 'silver');
INSERT INTO SportsmanEvents (sportsman_id, event_id, medal) VALUES (648854, 64, 'silver');
INSERT INTO SportsmanEvents (sportsman_id, event_id, medal) VALUES (648854, 70, 'silver');
INSERT INTO SportsmanEvents (sportsman_id, event_id, medal) VALUES (652118, 15, 'silver');
INSERT INTO SportsmanEvents (sportsman_id, event_id, medal) VALUES (652118, 54, 'silver');
INSERT INTO SportsmanEvents (sportsman_id, event_id, medal) VALUES (655115, 36, 'silver');
INSERT INTO SportsmanEvents (sportsman_id, event_id, medal) VALUES (657749, 4, 'silver');
INSERT INTO SportsmanEvents (sportsman_id, event_id, medal) VALUES (657749, 28, 'silver');
INSERT INTO SportsmanEvents (sportsman_id, event_id, medal) VALUES (657749, 29, 'silver');
INSERT INTO SportsmanEvents (sportsman_id, event_id, medal) VALUES (657749, 41, 'silver');
INSERT INTO SportsmanEvents (sportsman_id, event_id, medal) VALUES (657749, 42, 'silver');
INSERT INTO SportsmanEvents (sportsman_id, event_id, medal) VALUES (657749, 55, 'gold');
INSERT INTO SportsmanEvents (sportsman_id, event_id, medal) VALUES (657749, 63, 'silver');
INSERT INTO SportsmanEvents (sportsman_id, event_id, medal) VALUES (664784, 16, 'bronze');
INSERT INTO SportsmanEvents (sportsman_id, event_id, medal) VALUES (664784, 20, 'bronze');
INSERT INTO SportsmanEvents (sportsman_id, event_id, medal) VALUES (664784, 25, 'bronze');
INSERT INTO SportsmanEvents (sportsman_id, event_id, medal) VALUES (664784, 55, 'bronze');
INSERT INTO SportsmanEvents (sportsman_id, event_id, medal) VALUES (664784, 59, 'bronze');
INSERT INTO SportsmanEvents (sportsman_id, event_id, medal) VALUES (665267, 10, 'bronze');
INSERT INTO SportsmanEvents (sportsman_id, event_id, medal) VALUES (667752, 4, 'bronze');
INSERT INTO SportsmanEvents (sportsman_id, event_id, medal) VALUES (667752, 38, 'bronze');
INSERT INTO SportsmanEvents (sportsman_id, event_id, medal) VALUES (674062, 8, 'gold');
INSERT INTO SportsmanEvents (sportsman_id, event_id, medal) VALUES (674062, 22, 'bronze');
INSERT INTO SportsmanEvents (sportsman_id, event_id, medal) VALUES (674062, 43, 'bronze');
INSERT INTO SportsmanEvents (sportsman_id, event_id, medal) VALUES (675815, 13, 'bronze');
INSERT INTO SportsmanEvents (sportsman_id, event_id, medal) VALUES (675815, 50, 'bronze');
INSERT INTO SportsmanEvents (sportsman_id, event_id, medal) VALUES (677057, 17, 'bronze');
INSERT INTO SportsmanEvents (sportsman_id, event_id, medal) VALUES (677057, 22, 'bronze');
INSERT INTO SportsmanEvents (sportsman_id, event_id, medal) VALUES (677057, 26, 'bronze');
INSERT INTO SportsmanEvents (sportsman_id, event_id, medal) VALUES (680130, 37,'gold');
INSERT INTO SportsmanEvents (sportsman_id, event_id, medal) VALUES (680130, 51, 'bronze');
INSERT INTO SportsmanEvents (sportsman_id, event_id, medal) VALUES (680130, 65, 'bronze');
INSERT INTO SportsmanEvents (sportsman_id, event_id, medal) VALUES (684003, 40, NULL);
INSERT INTO SportsmanEvents (sportsman_id, event_id, medal) VALUES (689639, 16, 'gold');
INSERT INTO SportsmanEvents (sportsman_id, event_id, medal) VALUES (704710, 7, NULL);
INSERT INTO SportsmanEvents (sportsman_id, event_id, medal) VALUES (704710, 9, NULL);
INSERT INTO SportsmanEvents (sportsman_id, event_id, medal) VALUES (704710, 15, NULL);
INSERT INTO SportsmanEvents (sportsman_id, event_id, medal) VALUES (704710, 39, NULL);
INSERT INTO SportsmanEvents (sportsman_id, event_id, medal) VALUES (707287, 32, NULL);
INSERT INTO SportsmanEvents (sportsman_id, event_id, medal) VALUES (707287, 47, NULL);
INSERT INTO SportsmanEvents (sportsman_id, event_id, medal) VALUES (708427, 8, NULL);
INSERT INTO SportsmanEvents (sportsman_id, event_id, medal) VALUES (708427, 11, NULL);
INSERT INTO SportsmanEvents (sportsman_id, event_id, medal) VALUES (708427, 54, NULL);
INSERT INTO SportsmanEvents (sportsman_id, event_id, medal) VALUES (715583, 64, NULL);
INSERT INTO SportsmanEvents (sportsman_id, event_id, medal) VALUES (732843, 42, NULL);
INSERT INTO SportsmanEvents (sportsman_id, event_id, medal) VALUES (732843, 60, 'gold');
INSERT INTO SportsmanEvents (sportsman_id, event_id, medal) VALUES (732843, 63, NULL);
INSERT INTO SportsmanEvents (sportsman_id, event_id, medal) VALUES (734184, 19, NULL);
INSERT INTO SportsmanEvents (sportsman_id, event_id, medal) VALUES (734184, 20, NULL);
INSERT INTO SportsmanEvents (sportsman_id, event_id, medal) VALUES (734184, 31, NULL);
INSERT INTO SportsmanEvents (sportsman_id, event_id, medal) VALUES (734184, 37, NULL);
INSERT INTO SportsmanEvents (sportsman_id, event_id, medal) VALUES (737533, 2, NULL);
INSERT INTO SportsmanEvents (sportsman_id, event_id, medal) VALUES (737533, 45, NULL);
INSERT INTO SportsmanEvents (sportsman_id, event_id, medal) VALUES (747690, 36, NULL);
INSERT INTO SportsmanEvents (sportsman_id, event_id, medal) VALUES (747690, 69, NULL);
INSERT INTO SportsmanEvents (sportsman_id, event_id, medal) VALUES (754426, 36, NULL);
INSERT INTO SportsmanEvents (sportsman_id, event_id, medal) VALUES (754426, 42, NULL);
INSERT INTO SportsmanEvents (sportsman_id, event_id, medal) VALUES (754426, 58, NULL);
INSERT INTO SportsmanEvents (sportsman_id, event_id, medal) VALUES (759271, 11, NULL);
INSERT INTO SportsmanEvents (sportsman_id, event_id, medal) VALUES (780774, 53, NULL);
INSERT INTO SportsmanEvents (sportsman_id, event_id, medal) VALUES (790874, 52, NULL);
INSERT INTO SportsmanEvents (sportsman_id, event_id, medal) VALUES (790874, 57, NULL);
INSERT INTO SportsmanEvents (sportsman_id, event_id, medal) VALUES (790874, 65, NULL);
INSERT INTO SportsmanEvents (sportsman_id, event_id, medal) VALUES (794094, 30, NULL);
INSERT INTO SportsmanEvents (sportsman_id, event_id, medal) VALUES (796488, 51, NULL);
INSERT INTO SportsmanEvents (sportsman_id, event_id, medal) VALUES (796488, 65, NULL);
INSERT INTO SportsmanEvents (sportsman_id, event_id, medal) VALUES (799322, 13, NULL);
INSERT INTO SportsmanEvents (sportsman_id, event_id, medal) VALUES (801145, 40, 'gold');
INSERT INTO SportsmanEvents (sportsman_id, event_id, medal) VALUES (816836, 38, NULL);
INSERT INTO SportsmanEvents (sportsman_id, event_id, medal) VALUES (816836, 63, NULL);
INSERT INTO SportsmanEvents (sportsman_id, event_id, medal) VALUES (831786, 5, NULL);
INSERT INTO SportsmanEvents (sportsman_id, event_id, medal) VALUES (831786, 39, NULL);
INSERT INTO SportsmanEvents (sportsman_id, event_id, medal) VALUES (833748, 25, NULL);
INSERT INTO SportsmanEvents (sportsman_id, event_id, medal) VALUES (833748, 49, NULL);
INSERT INTO SportsmanEvents (sportsman_id, event_id, medal) VALUES (833748, 58, NULL);
INSERT INTO SportsmanEvents (sportsman_id, event_id, medal) VALUES (842670, 66, NULL);
INSERT INTO SportsmanEvents (sportsman_id, event_id, medal) VALUES (843082, 9, 'gold');
INSERT INTO SportsmanEvents (sportsman_id, event_id, medal) VALUES (843082, 41, NULL);
INSERT INTO SportsmanEvents (sportsman_id, event_id, medal) VALUES (852550, 21, NULL);
INSERT INTO SportsmanEvents (sportsman_id, event_id, medal) VALUES (852550, 29, NULL);
INSERT INTO SportsmanEvents (sportsman_id, event_id, medal) VALUES (852550, 33, 'gold');
INSERT INTO SportsmanEvents (sportsman_id, event_id, medal) VALUES (852550, 44, NULL);
INSERT INTO SportsmanEvents (sportsman_id, event_id, medal) VALUES (852550, 69, NULL);
INSERT INTO SportsmanEvents (sportsman_id, event_id, medal) VALUES (867244, 7, NULL);
INSERT INTO SportsmanEvents (sportsman_id, event_id, medal) VALUES (867244, 12, NULL);
INSERT INTO SportsmanEvents (sportsman_id, event_id, medal) VALUES (867244, 47, NULL);
INSERT INTO SportsmanEvents (sportsman_id, event_id, medal) VALUES (873521, 16, NULL);
INSERT INTO SportsmanEvents (sportsman_id, event_id, medal) VALUES (873521, 55, NULL);
INSERT INTO SportsmanEvents (sportsman_id, event_id, medal) VALUES (873521, 68, NULL);
INSERT INTO SportsmanEvents (sportsman_id, event_id, medal) VALUES (873810, 47, NULL);
INSERT INTO SportsmanEvents (sportsman_id, event_id, medal) VALUES (873810, 49, NULL);
INSERT INTO SportsmanEvents (sportsman_id, event_id, medal) VALUES (874624, 29, NULL);
INSERT INTO SportsmanEvents (sportsman_id, event_id, medal) VALUES (874624, 51, NULL);
INSERT INTO SportsmanEvents (sportsman_id, event_id, medal) VALUES (875928, 41, NULL);
INSERT INTO SportsmanEvents (sportsman_id, event_id, medal) VALUES (877887, 38, NULL);
INSERT INTO SportsmanEvents (sportsman_id, event_id, medal) VALUES (879786, 12, NULL);
INSERT INTO SportsmanEvents (sportsman_id, event_id, medal) VALUES (897257, 63, NULL);
INSERT INTO SportsmanEvents (sportsman_id, event_id, medal) VALUES (900955, 34, NULL);
INSERT INTO SportsmanEvents (sportsman_id, event_id, medal) VALUES (904945, 31, NULL);
INSERT INTO SportsmanEvents (sportsman_id, event_id, medal) VALUES (909008, 27, NULL);
INSERT INTO SportsmanEvents (sportsman_id, event_id, medal) VALUES (909008, 36, NULL);
INSERT INTO SportsmanEvents (sportsman_id, event_id, medal) VALUES (909008, 57, NULL);
INSERT INTO SportsmanEvents (sportsman_id, event_id, medal) VALUES (909008, 58, NULL);
INSERT INTO SportsmanEvents (sportsman_id, event_id, medal) VALUES (909008, 64, NULL);
INSERT INTO SportsmanEvents (sportsman_id, event_id, medal) VALUES (915307, 48, NULL);
INSERT INTO SportsmanEvents (sportsman_id, event_id, medal) VALUES (915795, 32, NULL);
INSERT INTO SportsmanEvents (sportsman_id, event_id, medal) VALUES (915854, 37, NULL);
INSERT INTO SportsmanEvents (sportsman_id, event_id, medal) VALUES (915854, 43, NULL);
INSERT INTO SportsmanEvents (sportsman_id, event_id, medal) VALUES (918721, 15, NULL);
INSERT INTO SportsmanEvents (sportsman_id, event_id, medal) VALUES (918721, 25, NULL);
INSERT INTO SportsmanEvents (sportsman_id, event_id, medal) VALUES (924493, 5, NULL);
INSERT INTO SportsmanEvents (sportsman_id, event_id, medal) VALUES (939135, 43, NULL);
INSERT INTO SportsmanEvents (sportsman_id, event_id, medal) VALUES (939135, 48, NULL);
INSERT INTO SportsmanEvents (sportsman_id, event_id, medal) VALUES (939135, 52, NULL);
INSERT INTO SportsmanEvents (sportsman_id, event_id, medal) VALUES (950708, 24, NULL);
INSERT INTO SportsmanEvents (sportsman_id, event_id, medal) VALUES (950708, 32, NULL);
INSERT INTO SportsmanEvents (sportsman_id, event_id, medal) VALUES (950708, 47, NULL);
INSERT INTO SportsmanEvents (sportsman_id, event_id, medal) VALUES (950708, 51, NULL);
INSERT INTO SportsmanEvents (sportsman_id, event_id, medal) VALUES (950708, 53, NULL);
INSERT INTO SportsmanEvents (sportsman_id, event_id, medal) VALUES (950708, 62, NULL);
INSERT INTO SportsmanEvents (sportsman_id, event_id, medal) VALUES (960801, 57, NULL);
INSERT INTO SportsmanEvents (sportsman_id, event_id, medal) VALUES (960801, 67, NULL);
INSERT INTO SportsmanEvents (sportsman_id, event_id, medal) VALUES (971000, 21, NULL);
INSERT INTO SportsmanEvents (sportsman_id, event_id, medal) VALUES (971462, 48, NULL);
INSERT INTO SportsmanEvents (sportsman_id, event_id, medal) VALUES (983566, 16, NULL);
INSERT INTO SportsmanEvents (sportsman_id, event_id, medal) VALUES (985259, 41, NULL);
INSERT INTO SportsmanEvents (sportsman_id, event_id, medal) VALUES (987781, 7, NULL);
INSERT INTO SportsmanEvents (sportsman_id, event_id, medal) VALUES (987781, 9, NULL);
INSERT INTO SportsmanEvents (sportsman_id, event_id, medal) VALUES (987781, 25, NULL);
INSERT INTO SportsmanEvents (sportsman_id, event_id, medal) VALUES (987781, 44, NULL);
INSERT INTO SportsmanEvents (sportsman_id, event_id, medal) VALUES (987781, 70, NULL);


INSERT INTO SportsmanSports (sportsman_id, sport_id) VALUES (229761, 17);
INSERT INTO SportsmanSports (sportsman_id, sport_id) VALUES (16483, 15);
INSERT INTO SportsmanSports (sportsman_id, sport_id) VALUES (867244, 14);
INSERT INTO SportsmanSports (sportsman_id, sport_id) VALUES (363447, 12);
INSERT INTO SportsmanSports (sportsman_id, sport_id) VALUES (657749, 6);
INSERT INTO SportsmanSports (sportsman_id, sport_id) VALUES (162052, 19);
INSERT INTO SportsmanSports (sportsman_id, sport_id) VALUES (176611, 7);
INSERT INTO SportsmanSports (sportsman_id, sport_id) VALUES (341172, 10);
INSERT INTO SportsmanSports (sportsman_id, sport_id) VALUES (985259, 12);
INSERT INTO SportsmanSports (sportsman_id, sport_id) VALUES (677057, 16);
INSERT INTO SportsmanSports (sportsman_id, sport_id) VALUES (790874, 4);
INSERT INTO SportsmanSports (sportsman_id, sport_id) VALUES (228713, 6);
INSERT INTO SportsmanSports (sportsman_id, sport_id) VALUES (634780, 9);
INSERT INTO SportsmanSports (sportsman_id, sport_id) VALUES (877887, 19);
INSERT INTO SportsmanSports (sportsman_id, sport_id) VALUES (689639, 10);
INSERT INTO SportsmanSports (sportsman_id, sport_id) VALUES (86817, 18);
INSERT INTO SportsmanSports (sportsman_id, sport_id) VALUES (284018, 2);
INSERT INTO SportsmanSports (sportsman_id, sport_id) VALUES (664784, 3);
INSERT INTO SportsmanSports (sportsman_id, sport_id) VALUES (790874, 20);
INSERT INTO SportsmanSports (sportsman_id, sport_id) VALUES (715583, 8);
INSERT INTO SportsmanSports (sportsman_id, sport_id) VALUES (268213, 18);
INSERT INTO SportsmanSports (sportsman_id, sport_id) VALUES (308198, 9);
INSERT INTO SportsmanSports (sportsman_id, sport_id) VALUES (186810, 14);
INSERT INTO SportsmanSports (sportsman_id, sport_id) VALUES (909008, 4);
INSERT INTO SportsmanSports (sportsman_id, sport_id) VALUES (251987, 12);
INSERT INTO SportsmanSports (sportsman_id, sport_id) VALUES (915854, 1);
INSERT INTO SportsmanSports (sportsman_id, sport_id) VALUES (796379, 3);
INSERT INTO SportsmanSports (sportsman_id, sport_id) VALUES (283353, 8);
INSERT INTO SportsmanSports (sportsman_id, sport_id) VALUES (622874, 4);
INSERT INTO SportsmanSports (sportsman_id, sport_id) VALUES (291575, 6);
INSERT INTO SportsmanSports (sportsman_id, sport_id) VALUES (657749, 8);
INSERT INTO SportsmanSports (sportsman_id, sport_id) VALUES (180768, 19);
INSERT INTO SportsmanSports (sportsman_id, sport_id) VALUES (522287, 17);
INSERT INTO SportsmanSports (sportsman_id, sport_id) VALUES (85905, 5);
INSERT INTO SportsmanSports (sportsman_id, sport_id) VALUES (816836, 16);
INSERT INTO SportsmanSports (sportsman_id, sport_id) VALUES (662722, 2);
INSERT INTO SportsmanSports (sportsman_id, sport_id) VALUES (657749, 20);
INSERT INTO SportsmanSports (sportsman_id, sport_id) VALUES (529437, 17);
INSERT INTO SportsmanSports (sportsman_id, sport_id) VALUES (648854, 9);
INSERT INTO SportsmanSports (sportsman_id, sport_id) VALUES (971462, 18);
INSERT INTO SportsmanSports (sportsman_id, sport_id) VALUES (985259, 19);
INSERT INTO SportsmanSports (sportsman_id, sport_id) VALUES (900178, 16);
INSERT INTO SportsmanSports (sportsman_id, sport_id) VALUES (39346, 4);
INSERT INTO SportsmanSports (sportsman_id, sport_id) VALUES (175283, 13);
INSERT INTO SportsmanSports (sportsman_id, sport_id) VALUES (344119, 10);
INSERT INTO SportsmanSports (sportsman_id, sport_id) VALUES (901048, 20);
INSERT INTO SportsmanSports (sportsman_id, sport_id) VALUES (873521, 2);
INSERT INTO SportsmanSports (sportsman_id, sport_id) VALUES (900955, 7);
INSERT INTO SportsmanSports (sportsman_id, sport_id) VALUES (879786, 20);
INSERT INTO SportsmanSports (sportsman_id, sport_id) VALUES (606258, 14);
INSERT INTO SportsmanSports (sportsman_id, sport_id) VALUES (759271, 4);
INSERT INTO SportsmanSports (sportsman_id, sport_id) VALUES (747690, 8);
INSERT INTO SportsmanSports (sportsman_id, sport_id) VALUES (176611, 5);
INSERT INTO SportsmanSports (sportsman_id, sport_id) VALUES (207322, 16);
INSERT INTO SportsmanSports (sportsman_id, sport_id) VALUES (665267, 4);
INSERT INTO SportsmanSports (sportsman_id, sport_id) VALUES (667752, 13);
INSERT INTO SportsmanSports (sportsman_id, sport_id) VALUES (86817, 11);
INSERT INTO SportsmanSports (sportsman_id, sport_id) VALUES (423364, 3);
INSERT INTO SportsmanSports (sportsman_id, sport_id) VALUES (732843, 12);
INSERT INTO SportsmanSports (sportsman_id, sport_id) VALUES (780774, 2);
INSERT INTO SportsmanSports (sportsman_id, sport_id) VALUES (16483, 14);
INSERT INTO SportsmanSports (sportsman_id, sport_id) VALUES (27028, 18);
INSERT INTO SportsmanSports (sportsman_id, sport_id) VALUES (734184, 19);
INSERT INTO SportsmanSports (sportsman_id, sport_id) VALUES (204475, 12);
INSERT INTO SportsmanSports (sportsman_id, sport_id) VALUES (897257, 15);
INSERT INTO SportsmanSports (sportsman_id, sport_id) VALUES (264601, 13);
INSERT INTO SportsmanSports (sportsman_id, sport_id) VALUES (924493, 1);
INSERT INTO SportsmanSports (sportsman_id, sport_id) VALUES (16483, 3);
INSERT INTO SportsmanSports (sportsman_id, sport_id) VALUES (243846, 5);
INSERT INTO SportsmanSports (sportsman_id, sport_id) VALUES (897257, 18);
INSERT INTO SportsmanSports (sportsman_id, sport_id) VALUES (389804, 11);
INSERT INTO SportsmanSports (sportsman_id, sport_id) VALUES (565592, 9);
INSERT INTO SportsmanSports (sportsman_id, sport_id) VALUES (91909, 19);
INSERT INTO SportsmanSports (sportsman_id, sport_id) VALUES (615423, 17);
INSERT INTO SportsmanSports (sportsman_id, sport_id) VALUES (529062, 7);
INSERT INTO SportsmanSports (sportsman_id, sport_id) VALUES (875928, 11);
INSERT INTO SportsmanSports (sportsman_id, sport_id) VALUES (985259, 18);
INSERT INTO SportsmanSports (sportsman_id, sport_id) VALUES (389804, 15);
INSERT INTO SportsmanSports (sportsman_id, sport_id) VALUES (833748, 12);
INSERT INTO SportsmanSports (sportsman_id, sport_id) VALUES (307820, 15);
INSERT INTO SportsmanSports (sportsman_id, sport_id) VALUES (291141, 12);
INSERT INTO SportsmanSports (sportsman_id, sport_id) VALUES (344119, 6);
INSERT INTO SportsmanSports (sportsman_id, sport_id) VALUES (622874, 8);
INSERT INTO SportsmanSports (sportsman_id, sport_id) VALUES (387439, 17);
INSERT INTO SportsmanSports (sportsman_id, sport_id) VALUES (611882, 6);
INSERT INTO SportsmanSports (sportsman_id, sport_id) VALUES (713079, 19);
INSERT INTO SportsmanSports (sportsman_id, sport_id) VALUES (816743, 5);
INSERT INTO SportsmanSports (sportsman_id, sport_id) VALUES (408869, 18);
INSERT INTO SportsmanSports (sportsman_id, sport_id) VALUES (186810, 20);
INSERT INTO SportsmanSports (sportsman_id, sport_id) VALUES (689639, 14);
INSERT INTO SportsmanSports (sportsman_id, sport_id) VALUES (284018, 11);
INSERT INTO SportsmanSports (sportsman_id, sport_id) VALUES (198251, 6);
INSERT INTO SportsmanSports (sportsman_id, sport_id) VALUES (462012, 11);
INSERT INTO SportsmanSports (sportsman_id, sport_id) VALUES (987781, 5);
INSERT INTO SportsmanSports (sportsman_id, sport_id) VALUES (119336, 7);
INSERT INTO SportsmanSports (sportsman_id, sport_id) VALUES (939135, 9);
INSERT INTO SportsmanSports (sportsman_id, sport_id) VALUES (900955, 6);
INSERT INTO SportsmanSports (sportsman_id, sport_id) VALUES (677057, 10);
INSERT INTO SportsmanSports (sportsman_id, sport_id) VALUES (665267, 1);
INSERT INTO SportsmanSports (sportsman_id, sport_id) VALUES (291141, 5);
INSERT INTO SportsmanSports (sportsman_id, sport_id) VALUES (283353, 1);
INSERT INTO SportsmanSports (sportsman_id, sport_id) VALUES (176611, 2);
INSERT INTO SportsmanSports (sportsman_id, sport_id) VALUES (249402, 12);
INSERT INTO SportsmanSports (sportsman_id, sport_id) VALUES (950708, 9);
INSERT INTO SportsmanSports (sportsman_id, sport_id) VALUES (555145, 13);
INSERT INTO SportsmanSports (sportsman_id, sport_id) VALUES (98401, 17);
INSERT INTO SportsmanSports (sportsman_id, sport_id) VALUES (204475, 6);
INSERT INTO SportsmanSports (sportsman_id, sport_id) VALUES (98033, 13);
INSERT INTO SportsmanSports (sportsman_id, sport_id) VALUES (833748, 2);
INSERT INTO SportsmanSports (sportsman_id, sport_id) VALUES (879786, 19);
INSERT INTO SportsmanSports (sportsman_id, sport_id) VALUES (409418, 17);
INSERT INTO SportsmanSports (sportsman_id, sport_id) VALUES (341172, 6);
INSERT INTO SportsmanSports (sportsman_id, sport_id) VALUES (129335, 1);
INSERT INTO SportsmanSports (sportsman_id, sport_id) VALUES (799322, 16);
INSERT INTO SportsmanSports (sportsman_id, sport_id) VALUES (37347, 2);
INSERT INTO SportsmanSports (sportsman_id, sport_id) VALUES (980134, 7);
INSERT INTO SportsmanSports (sportsman_id, sport_id) VALUES (115972, 3);
INSERT INTO SportsmanSports (sportsman_id, sport_id) VALUES (415003, 8);
INSERT INTO SportsmanSports (sportsman_id, sport_id) VALUES (704710, 8);
INSERT INTO SportsmanSports (sportsman_id, sport_id) VALUES (796488, 5);
INSERT INTO SportsmanSports (sportsman_id, sport_id) VALUES (10556, 18);
INSERT INTO SportsmanSports (sportsman_id, sport_id) VALUES (10556, 4);
INSERT INTO SportsmanSports (sportsman_id, sport_id) VALUES (162052, 2);
INSERT INTO SportsmanSports (sportsman_id, sport_id) VALUES (835258, 19);
INSERT INTO SportsmanSports (sportsman_id, sport_id) VALUES (198251, 14);
INSERT INTO SportsmanSports (sportsman_id, sport_id) VALUES (877887, 12);
INSERT INTO SportsmanSports (sportsman_id, sport_id) VALUES (555145, 4);
INSERT INTO SportsmanSports (sportsman_id, sport_id) VALUES (887193, 13);
INSERT INTO SportsmanSports (sportsman_id, sport_id) VALUES (228713, 14);
INSERT INTO SportsmanSports (sportsman_id, sport_id) VALUES (408869, 5);
INSERT INTO SportsmanSports (sportsman_id, sport_id) VALUES (754426, 8);
INSERT INTO SportsmanSports (sportsman_id, sport_id) VALUES (600977, 17);
INSERT INTO SportsmanSports (sportsman_id, sport_id) VALUES (561382, 20);
INSERT INTO SportsmanSports (sportsman_id, sport_id) VALUES (207322, 5);
INSERT INTO SportsmanSports (sportsman_id, sport_id) VALUES (315435, 20);
INSERT INTO SportsmanSports (sportsman_id, sport_id) VALUES (425336, 7);
INSERT INTO SportsmanSports (sportsman_id, sport_id) VALUES (865858, 9);
INSERT INTO SportsmanSports (sportsman_id, sport_id) VALUES (563316, 20);
INSERT INTO SportsmanSports (sportsman_id, sport_id) VALUES (561382, 7);
INSERT INTO SportsmanSports (sportsman_id, sport_id) VALUES (912185, 14);
INSERT INTO SportsmanSports (sportsman_id, sport_id) VALUES (36590, 16);
INSERT INTO SportsmanSports (sportsman_id, sport_id) VALUES (268213, 11);
INSERT INTO SportsmanSports (sportsman_id, sport_id) VALUES (980134, 3);
INSERT INTO SportsmanSports (sportsman_id, sport_id) VALUES (186810, 4);
INSERT INTO SportsmanSports (sportsman_id, sport_id) VALUES (820073, 12);
INSERT INTO SportsmanSports (sportsman_id, sport_id) VALUES (432593, 11);
INSERT INTO SportsmanSports (sportsman_id, sport_id) VALUES (918721, 20);
INSERT INTO SportsmanSports (sportsman_id, sport_id) VALUES (408869, 10);
INSERT INTO SportsmanSports (sportsman_id, sport_id) VALUES (915854, 12);
INSERT INTO SportsmanSports (sportsman_id, sport_id) VALUES (677057, 6);
INSERT INTO SportsmanSports (sportsman_id, sport_id) VALUES (600977, 2);
INSERT INTO SportsmanSports (sportsman_id, sport_id) VALUES (625609, 8);
INSERT INTO SportsmanSports (sportsman_id, sport_id) VALUES (537102, 3);
INSERT INTO SportsmanSports (sportsman_id, sport_id) VALUES (370947, 1);
INSERT INTO SportsmanSports (sportsman_id, sport_id) VALUES (490201, 6);
INSERT INTO SportsmanSports (sportsman_id, sport_id) VALUES (715583, 10);
INSERT INTO SportsmanSports (sportsman_id, sport_id) VALUES (67444, 20);
INSERT INTO SportsmanSports (sportsman_id, sport_id) VALUES (36590, 1);
INSERT INTO SportsmanSports (sportsman_id, sport_id) VALUES (164576, 5);
INSERT INTO SportsmanSports (sportsman_id, sport_id) VALUES (238015, 19);
INSERT INTO SportsmanSports (sportsman_id, sport_id) VALUES (796379, 13);
INSERT INTO SportsmanSports (sportsman_id, sport_id) VALUES (529062, 15);
INSERT INTO SportsmanSports (sportsman_id, sport_id) VALUES (652118, 18);
INSERT INTO SportsmanSports (sportsman_id, sport_id) VALUES (186810, 12);
INSERT INTO SportsmanSports (sportsman_id, sport_id) VALUES (509641, 17);
INSERT INTO SportsmanSports (sportsman_id, sport_id) VALUES (842670, 1);
INSERT INTO SportsmanSports (sportsman_id, sport_id) VALUES (915307, 9);
INSERT INTO SportsmanSports (sportsman_id, sport_id) VALUES (432593, 9);
INSERT INTO SportsmanSports (sportsman_id, sport_id) VALUES (568986, 16);
INSERT INTO SportsmanSports (sportsman_id, sport_id) VALUES (483492, 20);
INSERT INTO SportsmanSports (sportsman_id, sport_id) VALUES (47893, 4);
INSERT INTO SportsmanSports (sportsman_id, sport_id) VALUES (526287, 3);
INSERT INTO SportsmanSports (sportsman_id, sport_id) VALUES (180768, 11);
INSERT INTO SportsmanSports (sportsman_id, sport_id) VALUES (175434, 7);
INSERT INTO SportsmanSports (sportsman_id, sport_id) VALUES (732843, 8);
INSERT INTO SportsmanSports (sportsman_id, sport_id) VALUES (248487, 10);
INSERT INTO SportsmanSports (sportsman_id, sport_id) VALUES (26887, 15);
INSERT INTO SportsmanSports (sportsman_id, sport_id) VALUES (229340, 13);
INSERT INTO SportsmanSports (sportsman_id, sport_id) VALUES (652118, 8);
INSERT INTO SportsmanSports (sportsman_id, sport_id) VALUES (228713, 2);
INSERT INTO SportsmanSports (sportsman_id, sport_id) VALUES (237320, 1);
INSERT INTO SportsmanSports (sportsman_id, sport_id) VALUES (129335, 3);
INSERT INTO SportsmanSports (sportsman_id, sport_id) VALUES (462012, 11);
INSERT INTO SportsmanSports (sportsman_id, sport_id) VALUES (621981, 20);
INSERT INTO SportsmanSports (sportsman_id, sport_id) VALUES (291141, 1);
INSERT INTO SportsmanSports (sportsman_id, sport_id) VALUES (960801, 8);
INSERT INTO SportsmanSports (sportsman_id, sport_id) VALUES (213135, 9);
INSERT INTO SportsmanSports (sportsman_id, sport_id) VALUES (509641, 8);
INSERT INTO SportsmanSports (sportsman_id, sport_id) VALUES (950708, 13);
INSERT INTO SportsmanSports (sportsman_id, sport_id) VALUES (677057, 14);
INSERT INTO SportsmanSports (sportsman_id, sport_id) VALUES (987781, 19);
INSERT INTO SportsmanSports (sportsman_id, sport_id) VALUES (186810, 1);
INSERT INTO SportsmanSports (sportsman_id, sport_id) VALUES (674062, 8);
INSERT INTO SportsmanSports (sportsman_id, sport_id) VALUES (674062, 6);
INSERT INTO SportsmanSports (sportsman_id, sport_id) VALUES (790874, 18);
INSERT INTO SportsmanSports (sportsman_id, sport_id) VALUES (389804, 20);
INSERT INTO SportsmanSports (sportsman_id, sport_id) VALUES (895945, 10);
INSERT INTO SportsmanSports (sportsman_id, sport_id) VALUES (162871, 7);
INSERT INTO SportsmanSports (sportsman_id, sport_id) VALUES (16483, 15);
INSERT INTO SportsmanSports (sportsman_id, sport_id) VALUES (284018, 7);
INSERT INTO SportsmanSports (sportsman_id, sport_id) VALUES (754426, 6);
INSERT INTO SportsmanSports (sportsman_id, sport_id) VALUES (689639, 19);
INSERT INTO SportsmanSports (sportsman_id, sport_id) VALUES (708427, 3);
INSERT INTO SportsmanSports (sportsman_id, sport_id) VALUES (291141, 14);
INSERT INTO SportsmanSports (sportsman_id, sport_id) VALUES (794094, 20);
INSERT INTO SportsmanSports (sportsman_id, sport_id) VALUES (344119, 16);
INSERT INTO SportsmanSports (sportsman_id, sport_id) VALUES (897257, 11);
INSERT INTO SportsmanSports (sportsman_id, sport_id) VALUES (799322, 11);
INSERT INTO SportsmanSports (sportsman_id, sport_id) VALUES (900178, 9);
INSERT INTO SportsmanSports (sportsman_id, sport_id) VALUES (842670, 14);
INSERT INTO SportsmanSports (sportsman_id, sport_id) VALUES (289021, 4);
INSERT INTO SportsmanSports (sportsman_id, sport_id) VALUES (665267, 4);
INSERT INTO SportsmanSports (sportsman_id, sport_id) VALUES (689639, 16);
INSERT INTO SportsmanSports (sportsman_id, sport_id) VALUES (533414, 15);
INSERT INTO SportsmanSports (sportsman_id, sport_id) VALUES (529437, 16);
INSERT INTO SportsmanSports (sportsman_id, sport_id) VALUES (27028, 5);
INSERT INTO SportsmanSports (sportsman_id, sport_id) VALUES (47893, 15);
INSERT INTO SportsmanSports (sportsman_id, sport_id) VALUES (199083, 16);
INSERT INTO SportsmanSports (sportsman_id, sport_id) VALUES (874624, 10);
INSERT INTO SportsmanSports (sportsman_id, sport_id) VALUES (425336, 13);
INSERT INTO SportsmanSports (sportsman_id, sport_id) VALUES (490201, 16);
INSERT INTO SportsmanSports (sportsman_id, sport_id) VALUES (408491, 7);
INSERT INTO SportsmanSports (sportsman_id, sport_id) VALUES (257570, 4);
INSERT INTO SportsmanSports (sportsman_id, sport_id) VALUES (897257, 4);
INSERT INTO SportsmanSports (sportsman_id, sport_id) VALUES (634780, 15);
INSERT INTO SportsmanSports (sportsman_id, sport_id) VALUES (835258, 19);
INSERT INTO SportsmanSports (sportsman_id, sport_id) VALUES (901048, 10);
INSERT INTO SportsmanSports (sportsman_id, sport_id) VALUES (98401, 12);
INSERT INTO SportsmanSports (sportsman_id, sport_id) VALUES (249402, 12);
INSERT INTO SportsmanSports (sportsman_id, sport_id) VALUES (283353, 15);
INSERT INTO SportsmanSports (sportsman_id, sport_id) VALUES (408869, 7);
INSERT INTO SportsmanSports (sportsman_id, sport_id) VALUES (983566, 9);
INSERT INTO SportsmanSports (sportsman_id, sport_id) VALUES (26887, 4);
INSERT INTO SportsmanSports (sportsman_id, sport_id) VALUES (228713, 18);
INSERT INTO SportsmanSports (sportsman_id, sport_id) VALUES (674062, 13);
INSERT INTO SportsmanSports (sportsman_id, sport_id) VALUES (533414, 3);
INSERT INTO SportsmanSports (sportsman_id, sport_id) VALUES (387439, 18);
INSERT INTO SportsmanSports (sportsman_id, sport_id) VALUES (503237, 13);
INSERT INTO SportsmanSports (sportsman_id, sport_id) VALUES (67444, 8);
INSERT INTO SportsmanSports (sportsman_id, sport_id) VALUES (816743, 14);
INSERT INTO SportsmanSports (sportsman_id, sport_id) VALUES (83288, 13);
INSERT INTO SportsmanSports (sportsman_id, sport_id) VALUES (621981, 20);
INSERT INTO SportsmanSports (sportsman_id, sport_id) VALUES (87266, 14);
INSERT INTO SportsmanSports (sportsman_id, sport_id) VALUES (584884, 7);
INSERT INTO SportsmanSports (sportsman_id, sport_id) VALUES (257570, 17);
INSERT INTO SportsmanSports (sportsman_id, sport_id) VALUES (87266, 14);
INSERT INTO SportsmanSports (sportsman_id, sport_id) VALUES (175283, 2);
INSERT INTO SportsmanSports (sportsman_id, sport_id) VALUES (119336, 4);
INSERT INTO SportsmanSports (sportsman_id, sport_id) VALUES (243846, 7);
INSERT INTO SportsmanSports (sportsman_id, sport_id) VALUES (39346, 18);
INSERT INTO SportsmanSports (sportsman_id, sport_id) VALUES (915795, 11);
INSERT INTO SportsmanSports (sportsman_id, sport_id) VALUES (13839, 6);
INSERT INTO SportsmanSports (sportsman_id, sport_id) VALUES (462012, 10);
INSERT INTO SportsmanSports (sportsman_id, sport_id) VALUES (915816, 10);
INSERT INTO SportsmanSports (sportsman_id, sport_id) VALUES (852550, 15);
INSERT INTO SportsmanSports (sportsman_id, sport_id) VALUES (180768, 18);
INSERT INTO SportsmanSports (sportsman_id, sport_id) VALUES (344119, 15);
INSERT INTO SportsmanSports (sportsman_id, sport_id) VALUES (875928, 9);
INSERT INTO SportsmanSports (sportsman_id, sport_id) VALUES (415003, 9);
INSERT INTO SportsmanSports (sportsman_id, sport_id) VALUES (754426, 14);
INSERT INTO SportsmanSports (sportsman_id, sport_id) VALUES (248487, 17);
INSERT INTO SportsmanSports (sportsman_id, sport_id) VALUES (315435, 8);
INSERT INTO SportsmanSports (sportsman_id, sport_id) VALUES (895945, 9);
INSERT INTO SportsmanSports (sportsman_id, sport_id) VALUES (606258, 3);
INSERT INTO SportsmanSports (sportsman_id, sport_id) VALUES (759271, 13);
INSERT INTO SportsmanSports (sportsman_id, sport_id) VALUES (13839, 14);
INSERT INTO SportsmanSports (sportsman_id, sport_id) VALUES (176611, 1);
INSERT INTO SportsmanSports (sportsman_id, sport_id) VALUES (971462, 12);
INSERT INTO SportsmanSports (sportsman_id, sport_id) VALUES (537102, 19);
INSERT INTO SportsmanSports (sportsman_id, sport_id) VALUES (98033, 7);
INSERT INTO SportsmanSports (sportsman_id, sport_id) VALUES (655115, 6);
INSERT INTO SportsmanSports (sportsman_id, sport_id) VALUES (243846, 20);
INSERT INTO SportsmanSports (sportsman_id, sport_id) VALUES (983566, 2);
INSERT INTO SportsmanSports (sportsman_id, sport_id) VALUES (397087, 8);
INSERT INTO SportsmanSports (sportsman_id, sport_id) VALUES (555145, 3);
INSERT INTO SportsmanSports (sportsman_id, sport_id) VALUES (83288, 16);
INSERT INTO SportsmanSports (sportsman_id, sport_id) VALUES (915816, 8);
INSERT INTO SportsmanSports (sportsman_id, sport_id) VALUES (176611, 17);
INSERT INTO SportsmanSports (sportsman_id, sport_id) VALUES (843082, 15);
INSERT INTO SportsmanSports (sportsman_id, sport_id) VALUES (915816, 12);
INSERT INTO SportsmanSports (sportsman_id, sport_id) VALUES (341172, 19);
INSERT INTO SportsmanSports (sportsman_id, sport_id) VALUES (244256, 10);
INSERT INTO SportsmanSports (sportsman_id, sport_id) VALUES (977112, 5);
INSERT INTO SportsmanSports (sportsman_id, sport_id) VALUES (98033, 10);
INSERT INTO SportsmanSports (sportsman_id, sport_id) VALUES (129335, 4);
INSERT INTO SportsmanSports (sportsman_id, sport_id) VALUES (843082, 15);
INSERT INTO SportsmanSports (sportsman_id, sport_id) VALUES (440560, 2);
INSERT INTO SportsmanSports (sportsman_id, sport_id) VALUES (713079, 9);
INSERT INTO SportsmanSports (sportsman_id, sport_id) VALUES (176611, 2);
INSERT INTO SportsmanSports (sportsman_id, sport_id) VALUES (831786, 14);
INSERT INTO SportsmanSports (sportsman_id, sport_id) VALUES (213135, 18);
INSERT INTO SportsmanSports (sportsman_id, sport_id) VALUES (460869, 3);
INSERT INTO SportsmanSports (sportsman_id, sport_id) VALUES (257570, 12);
INSERT INTO SportsmanSports (sportsman_id, sport_id) VALUES (918721, 2);
INSERT INTO SportsmanSports (sportsman_id, sport_id) VALUES (291575, 18);
INSERT INTO SportsmanSports (sportsman_id, sport_id) VALUES (674062, 13);
INSERT INTO SportsmanSports (sportsman_id, sport_id) VALUES (842670, 19);
INSERT INTO SportsmanSports (sportsman_id, sport_id) VALUES (162871, 17);
INSERT INTO SportsmanSports (sportsman_id, sport_id) VALUES (129335, 5);
INSERT INTO SportsmanSports (sportsman_id, sport_id) VALUES (283353, 5);


INSERT INTO Vehicle (id, capacity) VALUES ('1093446', 11);
INSERT INTO Vehicle (id, capacity) VALUES ('1112714', 3);
INSERT INTO Vehicle (id, capacity) VALUES ('1156678', 10);
INSERT INTO Vehicle (id, capacity) VALUES ('1302324', 5);
INSERT INTO Vehicle (id, capacity) VALUES ('1326804', 9);
INSERT INTO Vehicle (id, capacity) VALUES ('136671', 10);
INSERT INTO Vehicle (id, capacity) VALUES ('1382129', 8);
INSERT INTO Vehicle (id, capacity) VALUES ('1422843', 1);
INSERT INTO Vehicle (id, capacity) VALUES ('1431934', 12);
INSERT INTO Vehicle (id, capacity) VALUES ('1451279', 4);
INSERT INTO Vehicle (id, capacity) VALUES ('1479065', 11);
INSERT INTO Vehicle (id, capacity) VALUES ('149540', 16);
INSERT INTO Vehicle (id, capacity) VALUES ('1499061', 13);
INSERT INTO Vehicle (id, capacity) VALUES ('1510154', 18);
INSERT INTO Vehicle (id, capacity) VALUES ('1513870', 20);
INSERT INTO Vehicle (id, capacity) VALUES ('1518799', 17);
INSERT INTO Vehicle (id, capacity) VALUES ('1549024', 17);
INSERT INTO Vehicle (id, capacity) VALUES ('1552965', 17);
INSERT INTO Vehicle (id, capacity) VALUES ('1576289', 2);
INSERT INTO Vehicle (id, capacity) VALUES ('1604227', 5);
INSERT INTO Vehicle (id, capacity) VALUES ('161693', 8);
INSERT INTO Vehicle (id, capacity) VALUES ('1645301', 9);
INSERT INTO Vehicle (id, capacity) VALUES ('1765315', 2);
INSERT INTO Vehicle (id, capacity) VALUES ('1840939', 8);
INSERT INTO Vehicle (id, capacity) VALUES ('192929', 20);
INSERT INTO Vehicle (id, capacity) VALUES ('1948122', 2);
INSERT INTO Vehicle (id, capacity) VALUES ('1955862', 16);
INSERT INTO Vehicle (id, capacity) VALUES ('1963388', 20);
INSERT INTO Vehicle (id, capacity) VALUES ('2018633', 9);
INSERT INTO Vehicle (id, capacity) VALUES ('2088940', 18);
INSERT INTO Vehicle (id, capacity) VALUES ('2113773', 3);
INSERT INTO Vehicle (id, capacity) VALUES ('2114342', 12);
INSERT INTO Vehicle (id, capacity) VALUES ('2133212', 16);
INSERT INTO Vehicle (id, capacity) VALUES ('2139719', 1);
INSERT INTO Vehicle (id, capacity) VALUES ('2161660', 9);
INSERT INTO Vehicle (id, capacity) VALUES ('2163550', 20);
INSERT INTO Vehicle (id, capacity) VALUES ('2193400', 3);
INSERT INTO Vehicle (id, capacity) VALUES ('2206950', 9);
INSERT INTO Vehicle (id, capacity) VALUES ('222474', 17);
INSERT INTO Vehicle (id, capacity) VALUES ('2233936', 9);
INSERT INTO Vehicle (id, capacity) VALUES ('2238049', 20);
INSERT INTO Vehicle (id, capacity) VALUES ('2324516', 9);
INSERT INTO Vehicle (id, capacity) VALUES ('2341532', 13);
INSERT INTO Vehicle (id, capacity) VALUES ('2354656', 6);
INSERT INTO Vehicle (id, capacity) VALUES ('2386788', 1);
INSERT INTO Vehicle (id, capacity) VALUES ('2397859', 2);
INSERT INTO Vehicle (id, capacity) VALUES ('2429696', 2);
INSERT INTO Vehicle (id, capacity) VALUES ('2483606', 12);
INSERT INTO Vehicle (id, capacity) VALUES ('2487345', 3);
INSERT INTO Vehicle (id, capacity) VALUES ('2492533', 11);
INSERT INTO Vehicle (id, capacity) VALUES ('2500276', 2);
INSERT INTO Vehicle (id, capacity) VALUES ('2511996', 11);
INSERT INTO Vehicle (id, capacity) VALUES ('2545788', 1);
INSERT INTO Vehicle (id, capacity) VALUES ('2575274', 16);
INSERT INTO Vehicle (id, capacity) VALUES ('2591296', 4);
INSERT INTO Vehicle (id, capacity) VALUES ('2733327', 12);
INSERT INTO Vehicle (id, capacity) VALUES ('2770864', 7);
INSERT INTO Vehicle (id, capacity) VALUES ('2824802', 14);
INSERT INTO Vehicle (id, capacity) VALUES ('2897278', 1);
INSERT INTO Vehicle (id, capacity) VALUES ('2991077', 7);
INSERT INTO Vehicle (id, capacity) VALUES ('303714', 12);
INSERT INTO Vehicle (id, capacity) VALUES ('314193', 19);
INSERT INTO Vehicle (id, capacity) VALUES ('319116', 11);
INSERT INTO Vehicle (id, capacity) VALUES ('322060', 13);
INSERT INTO Vehicle (id, capacity) VALUES ('366567', 17);
INSERT INTO Vehicle (id, capacity) VALUES ('389671', 6);
INSERT INTO Vehicle (id, capacity) VALUES ('459438', 20);
INSERT INTO Vehicle (id, capacity) VALUES ('498963', 8);
INSERT INTO Vehicle (id, capacity) VALUES ('505409', 11);
INSERT INTO Vehicle (id, capacity) VALUES ('533347', 10);
INSERT INTO Vehicle (id, capacity) VALUES ('580557', 10);
INSERT INTO Vehicle (id, capacity) VALUES ('590196', 18);
INSERT INTO Vehicle (id, capacity) VALUES ('626035', 2);
INSERT INTO Vehicle (id, capacity) VALUES ('657884', 17);
INSERT INTO Vehicle (id, capacity) VALUES ('675425', 8);
INSERT INTO Vehicle (id, capacity) VALUES ('737881', 10);
INSERT INTO Vehicle (id, capacity) VALUES ('800884', 11);
INSERT INTO Vehicle (id, capacity) VALUES ('832958', 8);
INSERT INTO Vehicle (id, capacity) VALUES ('885271', 11);
INSERT INTO Vehicle (id, capacity) VALUES ('981004', 13);

INSERT INTO Task (id, content, vehicle_id, event_date, event_time) VALUES (1, 'Aut nobis accusantium veniam. Doloribus natus solu', '2113773', '1987-04-07', '05:43:30');
INSERT INTO Task (id, content, vehicle_id, event_date, event_time) VALUES (2, 'A placeat tempora impedit quibusdam voluptas exerc', '1326804', '1988-01-12', '11:32:13');
INSERT INTO Task (id, content, vehicle_id, event_date, event_time) VALUES (3, 'Voluptatem beatae dolor dolores consequuntur nihil', '1955862', '2002-08-15', '21:43:51');
INSERT INTO Task (id, content, vehicle_id, event_date, event_time) VALUES (4, 'Nulla sed earum nostrum qui eius. Facere est quibu', '192929', '2000-01-11', '19:44:40');
INSERT INTO Task (id, content, vehicle_id, event_date, event_time) VALUES (5, 'Dolor non est rerum sed aut cupiditate quia illo. ', '2824802', '1987-04-16', '08:08:43');
INSERT INTO Task (id, content, vehicle_id, event_date, event_time) VALUES (6, 'Temporibus sequi quis quasi iusto beatae rem. Anim', '2575274', '2002-12-15', '08:04:38');
INSERT INTO Task (id, content, vehicle_id, event_date, event_time) VALUES (7, 'Dolorem qui in nisi et voluptatem perspiciatis. Vo', '590196', '2009-04-24', '13:12:56');
INSERT INTO Task (id, content, vehicle_id, event_date, event_time) VALUES (8, 'Ducimus voluptates quia provident. Est aperiam vol', '136671', '1971-01-04', '01:13:47');
INSERT INTO Task (id, content, vehicle_id, event_date, event_time) VALUES (9, 'Illum numquam voluptate in id. Eligendi mollitia v', '161693', '1988-11-11', '09:37:51');
INSERT INTO Task (id, content, vehicle_id, event_date, event_time) VALUES (10, 'Recusandae esse omnis error eligendi dolorem. Susc', '2500276', '1981-05-02', '20:47:31');
INSERT INTO Task (id, content, vehicle_id, event_date, event_time) VALUES (11, 'Animi qui animi minus et sunt suscipit autem. Sit ', '2770864', '1977-01-17', '17:31:30');
INSERT INTO Task (id, content, vehicle_id, event_date, event_time) VALUES (12, 'Esse est rerum modi sint aut. Aut delectus quod qu', '1302324', '1983-04-22', '09:53:53');
INSERT INTO Task (id, content, vehicle_id, event_date, event_time) VALUES (13, 'Ab dolorem tempora est quibusdam aliquam. Iusto na', '389671', '1979-10-20', '16:28:01');
INSERT INTO Task (id, content, vehicle_id, event_date, event_time) VALUES (14, 'Provident nobis et repellat libero ut. Nesciunt et', '2397859', '1989-12-03', '04:24:32');
INSERT INTO Task (id, content, vehicle_id, event_date, event_time) VALUES (15, 'Ipsa sed non soluta. Est porro dolores est autem e', '2770864', '1987-03-05', '06:31:18');
INSERT INTO Task (id, content, vehicle_id, event_date, event_time) VALUES (16, 'Ipsum numquam aut est modi temporibus sint vitae. ', '1955862', '1995-02-05', '13:20:16');
INSERT INTO Task (id, content, vehicle_id, event_date, event_time) VALUES (17, 'Quas necessitatibus qui illum. Impedit vitae quo n', '1645301', '2007-07-23', '18:52:21');
INSERT INTO Task (id, content, vehicle_id, event_date, event_time) VALUES (18, 'Sint nihil saepe quasi occaecati vitae. Optio earu', '981004', '1990-03-22', '19:40:35');
INSERT INTO Task (id, content, vehicle_id, event_date, event_time) VALUES (19, 'Architecto quas est dolorem sed voluptas laudantiu', '2897278', '1991-04-11', '11:48:07');
INSERT INTO Task (id, content, vehicle_id, event_date, event_time) VALUES (20, 'Distinctio sed accusamus explicabo quia aut. Nostr', '319116', '1975-09-16', '15:43:18');
INSERT INTO Task (id, content, vehicle_id, event_date, event_time) VALUES (21, 'Ipsum quod ullam quas expedita beatae. Consequatur', '2511996', '2012-12-17', '05:11:35');
INSERT INTO Task (id, content, vehicle_id, event_date, event_time) VALUES (22, 'Voluptate ut similique tempora sint et. Quae aut a', '2193400', '1993-12-31', '16:06:37');
INSERT INTO Task (id, content, vehicle_id, event_date, event_time) VALUES (23, 'Eum molestias blanditiis ut nostrum architecto sol', '1431934', '1985-12-31', '04:34:08');
INSERT INTO Task (id, content, vehicle_id, event_date, event_time) VALUES (24, 'Id ut velit expedita omnis dolore et fugit. Sed om', '2163550', '2011-10-24', '21:55:34');
INSERT INTO Task (id, content, vehicle_id, event_date, event_time) VALUES (25, 'Quibusdam quo fugit quae deleniti rerum. Incidunt ', '303714', '1991-05-22', '10:28:09');
INSERT INTO Task (id, content, vehicle_id, event_date, event_time) VALUES (26, 'Beatae laborum voluptatem ea enim debitis dolore e', '459438', '2000-10-06', '11:01:41');
INSERT INTO Task (id, content, vehicle_id, event_date, event_time) VALUES (27, 'Consectetur et voluptas voluptatibus porro et duci', '885271', '1984-10-23', '01:42:15');
INSERT INTO Task (id, content, vehicle_id, event_date, event_time) VALUES (28, 'Exercitationem cum et et iste nisi. Sapiente eum c', '314193', '2005-07-26', '17:09:39');
INSERT INTO Task (id, content, vehicle_id, event_date, event_time) VALUES (29, 'Sunt iusto autem temporibus molestias optio est eu', '675425', '1977-01-24', '22:06:23');
INSERT INTO Task (id, content, vehicle_id, event_date, event_time) VALUES (30, 'Autem debitis tempora sapiente. Enim reiciendis to', '675425', '1972-06-07', '09:11:37');
INSERT INTO Task (id, content, vehicle_id, event_date, event_time) VALUES (31, 'Nesciunt deleniti libero quidem est dolor. Distinc', '1510154', '2008-04-01', '20:12:30');
INSERT INTO Task (id, content, vehicle_id, event_date, event_time) VALUES (32, 'Omnis nisi est sint ut qui. Qui praesentium exerci', '1948122', '1983-08-13', '06:41:52');
INSERT INTO Task (id, content, vehicle_id, event_date, event_time) VALUES (33, 'Omnis quos laudantium iste ipsum ut earum recusand', '885271', '1975-07-09', '09:01:53');
INSERT INTO Task (id, content, vehicle_id, event_date, event_time) VALUES (34, 'Et modi accusamus ea explicabo. Omnis quam aut sun', '2233936', '1974-10-25', '13:28:27');
INSERT INTO Task (id, content, vehicle_id, event_date, event_time) VALUES (35, 'Aut voluptatibus ex ullam consectetur quo voluptat', '2500276', '1972-03-24', '08:12:58');
INSERT INTO Task (id, content, vehicle_id, event_date, event_time) VALUES (36, 'Ipsum laboriosam animi qui laborum inventore autem', '2770864', '2002-01-17', '10:56:51');
INSERT INTO Task (id, content, vehicle_id, event_date, event_time) VALUES (37, 'Blanditiis occaecati voluptas illo fugiat. Recusan', '1499061', '2009-02-07', '06:52:51');
INSERT INTO Task (id, content, vehicle_id, event_date, event_time) VALUES (38, 'Odit quo quas et iure. Fugiat autem iusto quidem l', '2341532', '1971-10-28', '14:34:03');
INSERT INTO Task (id, content, vehicle_id, event_date, event_time) VALUES (39, 'Sunt mollitia et corrupti aut. Rem laboriosam dolo', '314193', '1973-12-13', '21:33:45');
INSERT INTO Task (id, content, vehicle_id, event_date, event_time) VALUES (40, 'Et qui inventore occaecati illum temporibus volupt', '2133212', '2005-07-16', '00:28:28');
INSERT INTO Task (id, content, vehicle_id, event_date, event_time) VALUES (41, 'Assumenda dolorem tempore nostrum illum labore qui', '1510154', '1992-10-01', '08:13:23');
INSERT INTO Task (id, content, vehicle_id, event_date, event_time) VALUES (42, 'Ipsa distinctio tempora provident autem doloremque', '222474', '1983-03-27', '13:22:20');
INSERT INTO Task (id, content, vehicle_id, event_date, event_time) VALUES (43, 'Perferendis tempora ratione nihil repellat itaque ', '2193400', '1990-03-02', '22:41:56');
INSERT INTO Task (id, content, vehicle_id, event_date, event_time) VALUES (44, 'Autem voluptatibus sit possimus architecto. Ad sit', '885271', '1975-03-05', '00:07:53');
INSERT INTO Task (id, content, vehicle_id, event_date, event_time) VALUES (45, 'Et provident incidunt sed ea enim aliquam ad. Prae', '1302324', '2009-10-23', '04:35:28');
INSERT INTO Task (id, content, vehicle_id, event_date, event_time) VALUES (46, 'Ex velit tenetur fugit. Voluptatem voluptas iusto ', '1499061', '2006-06-04', '16:42:29');
INSERT INTO Task (id, content, vehicle_id, event_date, event_time) VALUES (47, 'Aperiam quos rerum hic cum. Ullam maxime iusto num', '192929', '2002-04-06', '15:39:50');
INSERT INTO Task (id, content, vehicle_id, event_date, event_time) VALUES (48, 'Aut autem eum omnis quae expedita qui. Non veritat', '1948122', '1986-01-20', '00:02:04');
INSERT INTO Task (id, content, vehicle_id, event_date, event_time) VALUES (49, 'Sit doloribus consectetur magnam ullam cum vel. No', '149540', '2012-02-17', '03:11:31');
INSERT INTO Task (id, content, vehicle_id, event_date, event_time) VALUES (50, 'Impedit esse et maiores eos mollitia. Labore velit', '1302324', '1973-12-17', '17:21:22');
INSERT INTO Task (id, content, vehicle_id, event_date, event_time) VALUES (51, 'Modi corrupti aut reiciendis nemo omnis ad delectu', '1431934', '1987-11-07', '21:28:08');
INSERT INTO Task (id, content, vehicle_id, event_date, event_time) VALUES (52, 'Non est aliquam ab enim reiciendis aut veniam alia', '322060', '2016-10-11', '04:15:01');
INSERT INTO Task (id, content, vehicle_id, event_date, event_time) VALUES (53, 'Et itaque non et voluptas. Dicta illo temporibus p', '2233936', '1975-06-09', '23:51:33');
INSERT INTO Task (id, content, vehicle_id, event_date, event_time) VALUES (54, 'Perferendis natus voluptatibus facilis fugit omnis', '1549024', '2001-12-13', '18:40:22');
INSERT INTO Task (id, content, vehicle_id, event_date, event_time) VALUES (55, 'Reiciendis qui aut sequi ea sunt. Sapiente et occa', '1604227', '2002-10-08', '14:06:34');
INSERT INTO Task (id, content, vehicle_id, event_date, event_time) VALUES (56, 'Est aut et repudiandae praesentium. Fuga itaque te', '161693', '1995-04-30', '04:36:51');
INSERT INTO Task (id, content, vehicle_id, event_date, event_time) VALUES (57, 'Reprehenderit quasi magnam quod est vitae maiores.', '1156678', '1984-07-03', '06:48:51');
INSERT INTO Task (id, content, vehicle_id, event_date, event_time) VALUES (58, 'Ut inventore ut quia et enim dolor est. Sint assum', '1552965', '1971-01-26', '01:55:51');
INSERT INTO Task (id, content, vehicle_id, event_date, event_time) VALUES (59, 'Illum soluta sit molestias est ipsum tempore. Cons', '1112714', '2012-05-30', '06:11:49');
INSERT INTO Task (id, content, vehicle_id, event_date, event_time) VALUES (60, 'Sit ad aut quibusdam eaque quae blanditiis quibusd', '800884', '1985-11-12', '17:39:54');
INSERT INTO Task (id, content, vehicle_id, event_date, event_time) VALUES (61, 'Possimus est excepturi quis consectetur. Nulla atq', '149540', '1999-10-29', '15:52:00');
INSERT INTO Task (id, content, vehicle_id, event_date, event_time) VALUES (62, 'Temporibus nobis ut fuga et voluptatum. Architecto', '1518799', '1971-04-05', '02:47:16');
INSERT INTO Task (id, content, vehicle_id, event_date, event_time) VALUES (63, 'Libero sit quia maiores. Sit ut ullam qui quos vol', '1765315', '1988-10-04', '05:35:52');
INSERT INTO Task (id, content, vehicle_id, event_date, event_time) VALUES (64, 'Eligendi praesentium consectetur enim necessitatib', '1479065', '1981-06-06', '20:44:36');
INSERT INTO Task (id, content, vehicle_id, event_date, event_time) VALUES (65, 'Eos et accusamus minima. Est quis occaecati et lab', '2591296', '2003-07-03', '22:10:42');
INSERT INTO Task (id, content, vehicle_id, event_date, event_time) VALUES (66, 'Vel saepe iste nesciunt doloribus optio rerum sit.', '626035', '1978-09-04', '19:03:42');
INSERT INTO Task (id, content, vehicle_id, event_date, event_time) VALUES (67, 'Tempore et facere nulla id. Doloremque sint molest', '459438', '1973-05-30', '00:46:05');
INSERT INTO Task (id, content, vehicle_id, event_date, event_time) VALUES (68, 'Sed reprehenderit quibusdam ipsa consequatur. In e', '498963', '1983-02-07', '19:01:39');
INSERT INTO Task (id, content, vehicle_id, event_date, event_time) VALUES (69, 'Laborum voluptatem cumque omnis consequatur omnis ', '2161660', '2011-12-15', '19:35:33');
INSERT INTO Task (id, content, vehicle_id, event_date, event_time) VALUES (70, 'Cupiditate vel nesciunt nemo perspiciatis. Tempori', '2487345', '1975-04-03', '21:48:25');
INSERT INTO Task (id, content, vehicle_id, event_date, event_time) VALUES (71, 'Numquam recusandae ea voluptatem. Aliquid tenetur ', '1604227', '1974-06-05', '10:00:46');
INSERT INTO Task (id, content, vehicle_id, event_date, event_time) VALUES (72, 'Enim est quam tempora rerum fugiat labore nihil. I', '2483606', '1975-08-03', '07:00:12');
INSERT INTO Task (id, content, vehicle_id, event_date, event_time) VALUES (73, 'Et illum a asperiores ut ducimus aut excepturi est', '1422843', '1984-02-09', '00:46:49');
INSERT INTO Task (id, content, vehicle_id, event_date, event_time) VALUES (74, 'Nesciunt molestiae enim excepturi. Accusantium sin', '2770864', '1993-01-11', '10:32:02');
INSERT INTO Task (id, content, vehicle_id, event_date, event_time) VALUES (75, 'A placeat blanditiis sint totam. Consequatur ut od', '2397859', '2009-09-04', '18:54:21');
INSERT INTO Task (id, content, vehicle_id, event_date, event_time) VALUES (76, 'Aut ab et ut at eius. Totam sunt ut a laborum ipsa', '1479065', '2000-02-11', '16:42:13');
INSERT INTO Task (id, content, vehicle_id, event_date, event_time) VALUES (77, 'Blanditiis quaerat aperiam aperiam est. Vel natus ', '505409', '2006-12-27', '06:13:30');
INSERT INTO Task (id, content, vehicle_id, event_date, event_time) VALUES (78, 'Sunt officia qui minima vitae dignissimos. Omnis f', '580557', '1992-01-04', '10:22:43');
INSERT INTO Task (id, content, vehicle_id, event_date, event_time) VALUES (79, 'Labore quia voluptatem fugiat facilis eum aperiam.', '2163550', '2013-02-22', '03:17:08');
INSERT INTO Task (id, content, vehicle_id, event_date, event_time) VALUES (80, 'Placeat dolor enim quisquam. Quas molestiae deleni', '1093446', '1972-12-15', '13:35:35');
INSERT INTO Task (id, content, vehicle_id, event_date, event_time) VALUES (81, 'Et eligendi accusamus vel eius fuga. Beatae odio a', '675425', '2002-05-18', '17:12:23');
INSERT INTO Task (id, content, vehicle_id, event_date, event_time) VALUES (82, 'Et ipsum dolorum cumque mollitia molestiae delenit', '2386788', '2004-07-08', '07:17:32');
INSERT INTO Task (id, content, vehicle_id, event_date, event_time) VALUES (83, 'Ea voluptas est nihil et. Rem explicabo nihil sed ', '322060', '1990-07-20', '06:36:57');
INSERT INTO Task (id, content, vehicle_id, event_date, event_time) VALUES (84, 'Dolorem voluptate sunt eligendi ut quo. Asperiores', '2161660', '1991-05-26', '13:22:06');
INSERT INTO Task (id, content, vehicle_id, event_date, event_time) VALUES (85, 'Sequi blanditiis aut aut unde. Adipisci dolor even', '303714', '2003-05-27', '11:47:16');
INSERT INTO Task (id, content, vehicle_id, event_date, event_time) VALUES (86, 'Fuga aperiam saepe dolores distinctio alias sint. ', '1156678', '1976-08-04', '08:44:38');
INSERT INTO Task (id, content, vehicle_id, event_date, event_time) VALUES (87, 'Officiis id in sunt. Sint non in beatae autem quod', '2591296', '1970-05-23', '00:16:31');
INSERT INTO Task (id, content, vehicle_id, event_date, event_time) VALUES (88, 'Dolorem sint qui qui officiis nobis. Quidem id bea', '319116', '2009-04-27', '12:05:57');
INSERT INTO Task (id, content, vehicle_id, event_date, event_time) VALUES (89, 'Aperiam nisi velit veniam molestiae quas est facer', '1604227', '1982-03-31', '16:31:41');
INSERT INTO Task (id, content, vehicle_id, event_date, event_time) VALUES (90, 'Voluptatum numquam laudantium optio quia sequi sin', '2770864', '2001-05-01', '03:50:12');
INSERT INTO Task (id, content, vehicle_id, event_date, event_time) VALUES (91, 'Ullam consequatur quo quam. Quis sunt aut et et su', '2991077', '1994-06-26', '06:48:23');
INSERT INTO Task (id, content, vehicle_id, event_date, event_time) VALUES (92, 'Non voluptates quae distinctio accusamus magnam. U', '2114342', '1993-12-22', '11:02:03');
INSERT INTO Task (id, content, vehicle_id, event_date, event_time) VALUES (93, 'Quam ab qui est corrupti. Non fugiat dolores sed h', '590196', '1972-07-05', '06:51:46');
INSERT INTO Task (id, content, vehicle_id, event_date, event_time) VALUES (94, 'Doloremque consequuntur corrupti aliquam aut archi', '1112714', '1976-09-08', '04:37:57');
INSERT INTO Task (id, content, vehicle_id, event_date, event_time) VALUES (95, 'Molestias quibusdam facere eos ratione voluptatem ', '2341532', '2011-11-15', '14:27:21');
INSERT INTO Task (id, content, vehicle_id, event_date, event_time) VALUES (96, 'Alias unde dolorem molestiae totam non. Reiciendis', '2397859', '1989-05-08', '06:05:49');
INSERT INTO Task (id, content, vehicle_id, event_date, event_time) VALUES (97, 'Temporibus excepturi voluptas nemo in blanditiis e', '675425', '2016-01-14', '01:33:40');
INSERT INTO Task (id, content, vehicle_id, event_date, event_time) VALUES (98, 'Error pariatur deleniti nostrum ea. Ut a inventore', '2088940', '2014-09-12', '13:55:22');
INSERT INTO Task (id, content, vehicle_id, event_date, event_time) VALUES (99, 'Voluptas iste magnam et modi sit. Voluptas beatae ', '2133212', '1982-05-31', '22:42:35');
INSERT INTO Task (id, content, vehicle_id, event_date, event_time) VALUES (100, 'Facilis iste facere ullam dicta. Et nobis ab ut es', '2018633', '1978-04-04', '13:57:57');
INSERT INTO Task (id, content, vehicle_id, event_date, event_time) VALUES (101, 'Placeat occaecati sed delectus repellendus. Rem di', '885271', '1984-01-10', '00:14:46');
INSERT INTO Task (id, content, vehicle_id, event_date, event_time) VALUES (102, 'Sequi impedit illo voluptatem aut soluta iste eius', '2545788', '1998-07-01', '09:12:10');
INSERT INTO Task (id, content, vehicle_id, event_date, event_time) VALUES (103, 'Fugiat dignissimos molestias non blanditiis sunt r', '737881', '1973-08-09', '04:38:38');
INSERT INTO Task (id, content, vehicle_id, event_date, event_time) VALUES (104, 'Beatae dolores quibusdam fugiat excepturi. Facere ', '136671', '2005-06-29', '18:07:41');
INSERT INTO Task (id, content, vehicle_id, event_date, event_time) VALUES (105, 'Animi enim natus delectus. Id numquam dignissimos ', '2018633', '1970-11-07', '23:18:20');
INSERT INTO Task (id, content, vehicle_id, event_date, event_time) VALUES (106, 'Et ad illo est corrupti similique aperiam. Explica', '2324516', '1988-12-07', '16:23:52');
INSERT INTO Task (id, content, vehicle_id, event_date, event_time) VALUES (107, 'Fugit nihil ducimus esse quia. Deserunt ipsam mole', '1549024', '1993-04-26', '03:15:45');
INSERT INTO Task (id, content, vehicle_id, event_date, event_time) VALUES (108, 'Voluptatum veritatis eveniet veritatis iusto odit.', '1552965', '1971-10-22', '14:55:50');
INSERT INTO Task (id, content, vehicle_id, event_date, event_time) VALUES (109, 'Libero rem ut adipisci accusantium. Rem distinctio', '2133212', '1996-09-01', '07:56:42');
INSERT INTO Task (id, content, vehicle_id, event_date, event_time) VALUES (110, 'Consequatur quas cum sit aut illum vel. Consequatu', '2545788', '1983-06-20', '18:00:19');
INSERT INTO Task (id, content, vehicle_id, event_date, event_time) VALUES (111, 'Enim vel qui sequi et voluptatibus tempore. In ut ', '1552965', '1999-05-07', '22:29:53');
INSERT INTO Task (id, content, vehicle_id, event_date, event_time) VALUES (112, 'Quisquam cupiditate ab quia laborum. Facere dolore', '1955862', '1991-12-27', '09:47:25');
INSERT INTO Task (id, content, vehicle_id, event_date, event_time) VALUES (113, 'Vel sed porro tenetur enim. Ut quisquam possimus m', '1549024', '2007-11-28', '08:59:54');
INSERT INTO Task (id, content, vehicle_id, event_date, event_time) VALUES (114, 'Et ut quibusdam quia quo. Iste illo veritatis mole', '1093446', '2003-02-24', '02:20:23');
INSERT INTO Task (id, content, vehicle_id, event_date, event_time) VALUES (115, 'Earum rerum sunt quisquam nihil voluptates. Molest', '303714', '1993-01-15', '14:08:16');
INSERT INTO Task (id, content, vehicle_id, event_date, event_time) VALUES (116, 'Neque neque reprehenderit asperiores quo velit. Pe', '800884', '1996-08-02', '15:01:30');
INSERT INTO Task (id, content, vehicle_id, event_date, event_time) VALUES (117, 'Nihil consequuntur voluptatem nulla voluptatibus a', '1302324', '1972-02-22', '11:45:14');
INSERT INTO Task (id, content, vehicle_id, event_date, event_time) VALUES (118, 'Accusamus est cum libero corporis aut ut. Est simi', '2163550', '1994-05-13', '03:26:25');
INSERT INTO Task (id, content, vehicle_id, event_date, event_time) VALUES (119, 'Tenetur amet impedit atque velit est. Et et tempor', '2991077', '1989-03-15', '01:03:07');
INSERT INTO Task (id, content, vehicle_id, event_date, event_time) VALUES (120, 'Ducimus totam provident assumenda et. Tempore est ', '1840939', '2007-08-04', '16:47:24');
INSERT INTO Task (id, content, vehicle_id, event_date, event_time) VALUES (121, 'Tempore dolor ut fugit quo voluptas ut perspiciati', '149540', '2008-01-08', '20:18:50');
INSERT INTO Task (id, content, vehicle_id, event_date, event_time) VALUES (122, 'Itaque ea non repudiandae quidem. Voluptate maiore', '2233936', '1989-06-25', '11:42:52');
INSERT INTO Task (id, content, vehicle_id, event_date, event_time) VALUES (123, 'Quia qui rem quis nemo. Ad ipsam voluptate accusam', '2733327', '2011-12-30', '20:23:46');
INSERT INTO Task (id, content, vehicle_id, event_date, event_time) VALUES (124, 'Sit molestiae optio modi ipsam repellendus exercit', '1156678', '1983-05-26', '10:56:36');
INSERT INTO Task (id, content, vehicle_id, event_date, event_time) VALUES (125, 'Sapiente sed qui minima nihil magni. Quia quis vol', '2238049', '2004-03-28', '14:28:54');
INSERT INTO Task (id, content, vehicle_id, event_date, event_time) VALUES (126, 'Distinctio facere eligendi adipisci dolorem repell', '1576289', '1970-12-19', '14:38:59');
INSERT INTO Task (id, content, vehicle_id, event_date, event_time) VALUES (127, 'Nemo temporibus qui qui ad necessitatibus temporib', '2487345', '1997-05-27', '01:26:48');
INSERT INTO Task (id, content, vehicle_id, event_date, event_time) VALUES (128, 'Autem minima id exercitationem ea. Soluta consequa', '2161660', '2007-11-09', '06:31:52');
INSERT INTO Task (id, content, vehicle_id, event_date, event_time) VALUES (129, 'Ipsum iste accusantium ut dignissimos similique. Q', '2483606', '1986-10-25', '13:46:11');
INSERT INTO Task (id, content, vehicle_id, event_date, event_time) VALUES (130, 'Sunt doloremque qui fuga aut nesciunt ducimus. Qua', '1112714', '1975-05-05', '00:33:07');
INSERT INTO Task (id, content, vehicle_id, event_date, event_time) VALUES (131, 'Praesentium accusantium a est id laborum. Voluptat', '322060', '1994-03-27', '13:23:23');
INSERT INTO Task (id, content, vehicle_id, event_date, event_time) VALUES (132, 'Sapiente voluptate molestias perspiciatis ut sed t', '2397859', '1984-11-13', '05:26:06');
INSERT INTO Task (id, content, vehicle_id, event_date, event_time) VALUES (133, 'Maxime quo unde voluptates et beatae quia tempore.', '2591296', '1990-02-13', '17:55:10');
INSERT INTO Task (id, content, vehicle_id, event_date, event_time) VALUES (134, 'Velit possimus ad similique quae. Saepe sed ab at ', '2991077', '1995-09-10', '01:11:45');
INSERT INTO Task (id, content, vehicle_id, event_date, event_time) VALUES (135, 'Non sunt ut provident modi nisi quis vitae. Cum re', '2511996', '1977-09-10', '11:44:12');
INSERT INTO Task (id, content, vehicle_id, event_date, event_time) VALUES (136, 'Sed consequatur optio repellat iure harum illum. U', '1156678', '1987-12-18', '17:52:42');
INSERT INTO Task (id, content, vehicle_id, event_date, event_time) VALUES (137, 'Eos corporis accusamus autem ipsum eius tenetur ut', '161693', '1997-05-21', '23:20:37');
INSERT INTO Task (id, content, vehicle_id, event_date, event_time) VALUES (138, 'Corrupti saepe eos autem sit. Voluptatem non provi', '498963', '2006-12-07', '01:29:56');
INSERT INTO Task (id, content, vehicle_id, event_date, event_time) VALUES (139, 'Ullam voluptas occaecati iste. Animi consectetur s', '1604227', '1971-08-12', '04:59:35');
INSERT INTO Task (id, content, vehicle_id, event_date, event_time) VALUES (140, 'Magnam ullam sequi explicabo vitae enim. Ipsum dol', '2575274', '1978-02-14', '03:20:23');
INSERT INTO Task (id, content, vehicle_id, event_date, event_time) VALUES (141, 'Ut velit enim voluptas quasi laboriosam quia quibu', '2233936', '1971-11-08', '14:13:18');
INSERT INTO Task (id, content, vehicle_id, event_date, event_time) VALUES (142, 'Architecto nam nulla rem porro iusto saepe non. Of', '2206950', '1999-11-29', '06:23:08');
INSERT INTO Task (id, content, vehicle_id, event_date, event_time) VALUES (143, 'Qui est ipsa ea. Voluptatum facere quia aut qui ac', '1093446', '2003-01-22', '14:06:31');
INSERT INTO Task (id, content, vehicle_id, event_date, event_time) VALUES (144, 'Vero ut sint consequuntur facilis. Vitae dolorum f', '2733327', '2001-04-05', '10:46:06');
INSERT INTO Task (id, content, vehicle_id, event_date, event_time) VALUES (145, 'Adipisci ipsam qui tenetur et quo sunt aspernatur.', '222474', '1993-05-06', '10:44:00');
INSERT INTO Task (id, content, vehicle_id, event_date, event_time) VALUES (146, 'Autem modi deleniti atque quasi et fugiat qui. Aut', '303714', '1997-02-25', '11:39:23');
INSERT INTO Task (id, content, vehicle_id, event_date, event_time) VALUES (147, 'Est fugit sint deserunt totam quis. At porro beata', '2545788', '2011-01-21', '12:18:32');
INSERT INTO Task (id, content, vehicle_id, event_date, event_time) VALUES (148, 'Qui qui qui dolorum earum. Itaque quod dolor culpa', '2324516', '1991-06-19', '05:02:26');
INSERT INTO Task (id, content, vehicle_id, event_date, event_time) VALUES (149, 'Illo sed cum porro laborum. Consectetur recusandae', '1549024', '2008-04-14', '05:01:40');
INSERT INTO Task (id, content, vehicle_id, event_date, event_time) VALUES (150, 'Asperiores eos voluptates non est accusantium enim', '2114342', '1995-08-17', '03:34:44');
INSERT INTO Task (id, content, vehicle_id, event_date, event_time) VALUES (151, 'Dolore magnam voluptatibus quos et vero cum. Volup', '389671', '1982-03-31', '22:28:09');
INSERT INTO Task (id, content, vehicle_id, event_date, event_time) VALUES (152, 'Totam expedita asperiores odit. Aperiam repudianda', '1963388', '2011-08-08', '00:02:22');
INSERT INTO Task (id, content, vehicle_id, event_date, event_time) VALUES (153, 'Vel sint quia et ullam asperiores harum omnis. Et ', '580557', '1984-10-18', '16:37:37');
INSERT INTO Task (id, content, vehicle_id, event_date, event_time) VALUES (154, 'Quibusdam quos qui atque dolores. Sapiente ut quib', '2238049', '2005-11-16', '05:43:19');
INSERT INTO Task (id, content, vehicle_id, event_date, event_time) VALUES (155, 'Consequuntur at odit pariatur amet tenetur distinc', '2113773', '1973-10-29', '22:02:51');
INSERT INTO Task (id, content, vehicle_id, event_date, event_time) VALUES (156, 'Eos laboriosam natus nesciunt autem eaque sit hic.', '2114342', '1988-04-09', '13:28:03');
INSERT INTO Task (id, content, vehicle_id, event_date, event_time) VALUES (157, 'Sunt officia sed ut incidunt animi voluptatem. Ex ', '2897278', '1988-03-22', '09:41:06');
INSERT INTO Task (id, content, vehicle_id, event_date, event_time) VALUES (158, 'Iure consequatur excepturi vitae aut omnis eos. Ra', '981004', '2016-05-11', '18:58:44');
INSERT INTO Task (id, content, vehicle_id, event_date, event_time) VALUES (159, 'Id minima itaque commodi ut sunt atque. Deleniti s', '459438', '1991-03-04', '10:56:36');
INSERT INTO Task (id, content, vehicle_id, event_date, event_time) VALUES (160, 'Maiores voluptate cupiditate occaecati optio aut b', '1955862', '2000-04-10', '03:00:12');



INSERT INTO VolunteerTasks (volunteer_id, task_id) VALUES (7, 15);
INSERT INTO VolunteerTasks (volunteer_id, task_id) VALUES (7, 19);
INSERT INTO VolunteerTasks (volunteer_id, task_id) VALUES (7, 47);
INSERT INTO VolunteerTasks (volunteer_id, task_id) VALUES (7, 95);
INSERT INTO VolunteerTasks (volunteer_id, task_id) VALUES (10, 5);
INSERT INTO VolunteerTasks (volunteer_id, task_id) VALUES (10, 10);
INSERT INTO VolunteerTasks (volunteer_id, task_id) VALUES (10, 15);
INSERT INTO VolunteerTasks (volunteer_id, task_id) VALUES (10, 16);
INSERT INTO VolunteerTasks (volunteer_id, task_id) VALUES (23, 1);
INSERT INTO VolunteerTasks (volunteer_id, task_id) VALUES (23, 64);
INSERT INTO VolunteerTasks (volunteer_id, task_id) VALUES (23, 79);
INSERT INTO VolunteerTasks (volunteer_id, task_id) VALUES (23, 129);
INSERT INTO VolunteerTasks (volunteer_id, task_id) VALUES (115, 139);
INSERT INTO VolunteerTasks (volunteer_id, task_id) VALUES (115, 150);
INSERT INTO VolunteerTasks (volunteer_id, task_id) VALUES (115, 159);
INSERT INTO VolunteerTasks (volunteer_id, task_id) VALUES (343, 92);
INSERT INTO VolunteerTasks (volunteer_id, task_id) VALUES (676, 38);
INSERT INTO VolunteerTasks (volunteer_id, task_id) VALUES (676, 54);
INSERT INTO VolunteerTasks (volunteer_id, task_id) VALUES (676, 77);
INSERT INTO VolunteerTasks (volunteer_id, task_id) VALUES (676, 78);
INSERT INTO VolunteerTasks (volunteer_id, task_id) VALUES (676, 80);
INSERT INTO VolunteerTasks (volunteer_id, task_id) VALUES (676, 115);
INSERT INTO VolunteerTasks (volunteer_id, task_id) VALUES (821, 89);
INSERT INTO VolunteerTasks (volunteer_id, task_id) VALUES (1223, 36);
INSERT INTO VolunteerTasks (volunteer_id, task_id) VALUES (1223, 102);
INSERT INTO VolunteerTasks (volunteer_id, task_id) VALUES (1223, 152);
INSERT INTO VolunteerTasks (volunteer_id, task_id) VALUES (1561, 7);
INSERT INTO VolunteerTasks (volunteer_id, task_id) VALUES (1561, 41);
INSERT INTO VolunteerTasks (volunteer_id, task_id) VALUES (1561, 43);
INSERT INTO VolunteerTasks (volunteer_id, task_id) VALUES (1561, 67);
INSERT INTO VolunteerTasks (volunteer_id, task_id) VALUES (1561, 117);
INSERT INTO VolunteerTasks (volunteer_id, task_id) VALUES (1561, 123);
INSERT INTO VolunteerTasks (volunteer_id, task_id) VALUES (1843, 25);
INSERT INTO VolunteerTasks (volunteer_id, task_id) VALUES (1843, 41);
INSERT INTO VolunteerTasks (volunteer_id, task_id) VALUES (3183, 129);
INSERT INTO VolunteerTasks (volunteer_id, task_id) VALUES (3183, 146);
INSERT INTO VolunteerTasks (volunteer_id, task_id) VALUES (3216, 42);
INSERT INTO VolunteerTasks (volunteer_id, task_id) VALUES (3216, 45);
INSERT INTO VolunteerTasks (volunteer_id, task_id) VALUES (3216, 53);
INSERT INTO VolunteerTasks (volunteer_id, task_id) VALUES (3216, 71);
INSERT INTO VolunteerTasks (volunteer_id, task_id) VALUES (3216, 118);
INSERT INTO VolunteerTasks (volunteer_id, task_id) VALUES (3285, 11);
INSERT INTO VolunteerTasks (volunteer_id, task_id) VALUES (3292, 62);
INSERT INTO VolunteerTasks (volunteer_id, task_id) VALUES (3292, 66);
INSERT INTO VolunteerTasks (volunteer_id, task_id) VALUES (3292, 72);
INSERT INTO VolunteerTasks (volunteer_id, task_id) VALUES (3292, 104);
INSERT INTO VolunteerTasks (volunteer_id, task_id) VALUES (3292, 118);
INSERT INTO VolunteerTasks (volunteer_id, task_id) VALUES (3761, 16);
INSERT INTO VolunteerTasks (volunteer_id, task_id) VALUES (3761, 38);
INSERT INTO VolunteerTasks (volunteer_id, task_id) VALUES (3761, 80);
INSERT INTO VolunteerTasks (volunteer_id, task_id) VALUES (3761, 90);
INSERT INTO VolunteerTasks (volunteer_id, task_id) VALUES (3761, 100);
INSERT INTO VolunteerTasks (volunteer_id, task_id) VALUES (3763, 33);
INSERT INTO VolunteerTasks (volunteer_id, task_id) VALUES (3763, 89);
INSERT INTO VolunteerTasks (volunteer_id, task_id) VALUES (3763, 118);
INSERT INTO VolunteerTasks (volunteer_id, task_id) VALUES (3763, 130);
INSERT INTO VolunteerTasks (volunteer_id, task_id) VALUES (3763, 148);
INSERT INTO VolunteerTasks (volunteer_id, task_id) VALUES (3763, 152);
INSERT INTO VolunteerTasks (volunteer_id, task_id) VALUES (3766, 47);
INSERT INTO VolunteerTasks (volunteer_id, task_id) VALUES (3766, 56);
INSERT INTO VolunteerTasks (volunteer_id, task_id) VALUES (3766, 67);
INSERT INTO VolunteerTasks (volunteer_id, task_id) VALUES (3766, 132);
INSERT INTO VolunteerTasks (volunteer_id, task_id) VALUES (4271, 8);
INSERT INTO VolunteerTasks (volunteer_id, task_id) VALUES (4271, 52);
INSERT INTO VolunteerTasks (volunteer_id, task_id) VALUES (4271, 67);
INSERT INTO VolunteerTasks (volunteer_id, task_id) VALUES (4271, 85);
INSERT INTO VolunteerTasks (volunteer_id, task_id) VALUES (4271, 96);
INSERT INTO VolunteerTasks (volunteer_id, task_id) VALUES (4271, 112);
INSERT INTO VolunteerTasks (volunteer_id, task_id) VALUES (4271, 134);
INSERT INTO VolunteerTasks (volunteer_id, task_id) VALUES (4727, 52);
INSERT INTO VolunteerTasks (volunteer_id, task_id) VALUES (4727, 139);
INSERT INTO VolunteerTasks (volunteer_id, task_id) VALUES (4727, 145);
INSERT INTO VolunteerTasks (volunteer_id, task_id) VALUES (4743, 50);
INSERT INTO VolunteerTasks (volunteer_id, task_id) VALUES (4743, 77);
INSERT INTO VolunteerTasks (volunteer_id, task_id) VALUES (4743, 107);
INSERT INTO VolunteerTasks (volunteer_id, task_id) VALUES (4743, 139);
INSERT INTO VolunteerTasks (volunteer_id, task_id) VALUES (5062, 7);
INSERT INTO VolunteerTasks (volunteer_id, task_id) VALUES (5062, 27);
INSERT INTO VolunteerTasks (volunteer_id, task_id) VALUES (5062, 39);
INSERT INTO VolunteerTasks (volunteer_id, task_id) VALUES (5062, 84);
INSERT INTO VolunteerTasks (volunteer_id, task_id) VALUES (5090, 14);
INSERT INTO VolunteerTasks (volunteer_id, task_id) VALUES (5090, 24);
INSERT INTO VolunteerTasks (volunteer_id, task_id) VALUES (5090, 42);
INSERT INTO VolunteerTasks (volunteer_id, task_id) VALUES (5090, 59);
INSERT INTO VolunteerTasks (volunteer_id, task_id) VALUES (5090, 61);
INSERT INTO VolunteerTasks (volunteer_id, task_id) VALUES (5090, 141);
INSERT INTO VolunteerTasks (volunteer_id, task_id) VALUES (5090, 155);
INSERT INTO VolunteerTasks (volunteer_id, task_id) VALUES (5858, 18);
INSERT INTO VolunteerTasks (volunteer_id, task_id) VALUES (5858, 30);
INSERT INTO VolunteerTasks (volunteer_id, task_id) VALUES (5858, 92);
INSERT INTO VolunteerTasks (volunteer_id, task_id) VALUES (5858, 136);
INSERT INTO VolunteerTasks (volunteer_id, task_id) VALUES (5950, 36);
INSERT INTO VolunteerTasks (volunteer_id, task_id) VALUES (5950, 79);
INSERT INTO VolunteerTasks (volunteer_id, task_id) VALUES (6269, 54);
INSERT INTO VolunteerTasks (volunteer_id, task_id) VALUES (6269, 80);
INSERT INTO VolunteerTasks (volunteer_id, task_id) VALUES (6381, 11);
INSERT INTO VolunteerTasks (volunteer_id, task_id) VALUES (6381, 16);
INSERT INTO VolunteerTasks (volunteer_id, task_id) VALUES (6381, 65);
INSERT INTO VolunteerTasks (volunteer_id, task_id) VALUES (6381, 70);
INSERT INTO VolunteerTasks (volunteer_id, task_id) VALUES (6672, 27);
INSERT INTO VolunteerTasks (volunteer_id, task_id) VALUES (6672, 121);
INSERT INTO VolunteerTasks (volunteer_id, task_id) VALUES (6672, 126);
INSERT INTO VolunteerTasks (volunteer_id, task_id) VALUES (6787, 4);
INSERT INTO VolunteerTasks (volunteer_id, task_id) VALUES (6787, 117);
INSERT INTO VolunteerTasks (volunteer_id, task_id) VALUES (6787, 127);
INSERT INTO VolunteerTasks (volunteer_id, task_id) VALUES (6838, 58);
INSERT INTO VolunteerTasks (volunteer_id, task_id) VALUES (7527, 73);
INSERT INTO VolunteerTasks (volunteer_id, task_id) VALUES (7527, 105);
INSERT INTO VolunteerTasks (volunteer_id, task_id) VALUES (7527, 130);
INSERT INTO VolunteerTasks (volunteer_id, task_id) VALUES (7527, 159);
INSERT INTO VolunteerTasks (volunteer_id, task_id) VALUES (7579, 101);
INSERT INTO VolunteerTasks (volunteer_id, task_id) VALUES (7579, 130);
INSERT INTO VolunteerTasks (volunteer_id, task_id) VALUES (7579, 144);
INSERT INTO VolunteerTasks (volunteer_id, task_id) VALUES (7828, 14);
INSERT INTO VolunteerTasks (volunteer_id, task_id) VALUES (7828, 30);
INSERT INTO VolunteerTasks (volunteer_id, task_id) VALUES (7828, 43);
INSERT INTO VolunteerTasks (volunteer_id, task_id) VALUES (7828, 66);
INSERT INTO VolunteerTasks (volunteer_id, task_id) VALUES (7828, 71);
INSERT INTO VolunteerTasks (volunteer_id, task_id) VALUES (7828, 90);
INSERT INTO VolunteerTasks (volunteer_id, task_id) VALUES (7828, 115);
INSERT INTO VolunteerTasks (volunteer_id, task_id) VALUES (8306, 27);
INSERT INTO VolunteerTasks (volunteer_id, task_id) VALUES (8306, 39);
INSERT INTO VolunteerTasks (volunteer_id, task_id) VALUES (8306, 65);
INSERT INTO VolunteerTasks (volunteer_id, task_id) VALUES (8306, 127);
INSERT INTO VolunteerTasks (volunteer_id, task_id) VALUES (8306, 156);
INSERT INTO VolunteerTasks (volunteer_id, task_id) VALUES (8306, 158);
INSERT INTO VolunteerTasks (volunteer_id, task_id) VALUES (8334, 6);
INSERT INTO VolunteerTasks (volunteer_id, task_id) VALUES (8334, 53);
INSERT INTO VolunteerTasks (volunteer_id, task_id) VALUES (8334, 137);
INSERT INTO VolunteerTasks (volunteer_id, task_id) VALUES (8436, 147);
INSERT INTO VolunteerTasks (volunteer_id, task_id) VALUES (8440, 9);
INSERT INTO VolunteerTasks (volunteer_id, task_id) VALUES (8440, 129);
INSERT INTO VolunteerTasks (volunteer_id, task_id) VALUES (8440, 141);
INSERT INTO VolunteerTasks (volunteer_id, task_id) VALUES (8440, 145);
INSERT INTO VolunteerTasks (volunteer_id, task_id) VALUES (8466, 35);
INSERT INTO VolunteerTasks (volunteer_id, task_id) VALUES (8466, 62);
INSERT INTO VolunteerTasks (volunteer_id, task_id) VALUES (8466, 79);
INSERT INTO VolunteerTasks (volunteer_id, task_id) VALUES (8466, 112);
INSERT INTO VolunteerTasks (volunteer_id, task_id) VALUES (8466, 123);
INSERT INTO VolunteerTasks (volunteer_id, task_id) VALUES (8466, 143);
INSERT INTO VolunteerTasks (volunteer_id, task_id) VALUES (8562, 7);
INSERT INTO VolunteerTasks (volunteer_id, task_id) VALUES (8562, 32);
INSERT INTO VolunteerTasks (volunteer_id, task_id) VALUES (8562, 67);
INSERT INTO VolunteerTasks (volunteer_id, task_id) VALUES (8562, 140);
INSERT INTO VolunteerTasks (volunteer_id, task_id) VALUES (8787, 20);
INSERT INTO VolunteerTasks (volunteer_id, task_id) VALUES (8787, 128);
INSERT INTO VolunteerTasks (volunteer_id, task_id) VALUES (8787, 158);
INSERT INTO VolunteerTasks (volunteer_id, task_id) VALUES (8914, 7);
INSERT INTO VolunteerTasks (volunteer_id, task_id) VALUES (8914, 111);
INSERT INTO VolunteerTasks (volunteer_id, task_id) VALUES (8914, 126);
INSERT INTO VolunteerTasks (volunteer_id, task_id) VALUES (8914, 145);
INSERT INTO VolunteerTasks (volunteer_id, task_id) VALUES (8918, 5);
INSERT INTO VolunteerTasks (volunteer_id, task_id) VALUES (8918, 20);
INSERT INTO VolunteerTasks (volunteer_id, task_id) VALUES (8918, 83);
INSERT INTO VolunteerTasks (volunteer_id, task_id) VALUES (8918, 95);
INSERT INTO VolunteerTasks (volunteer_id, task_id) VALUES (8918, 132);
INSERT INTO VolunteerTasks (volunteer_id, task_id) VALUES (9060, 63);
INSERT INTO VolunteerTasks (volunteer_id, task_id) VALUES (9060, 121);
INSERT INTO VolunteerTasks (volunteer_id, task_id) VALUES (9077, 23);
INSERT INTO VolunteerTasks (volunteer_id, task_id) VALUES (9077, 42);
INSERT INTO VolunteerTasks (volunteer_id, task_id) VALUES (9077, 71);
INSERT INTO VolunteerTasks (volunteer_id, task_id) VALUES (9077, 97);
INSERT INTO VolunteerTasks (volunteer_id, task_id) VALUES (9077, 100);
INSERT INTO VolunteerTasks (volunteer_id, task_id) VALUES (9077, 118);
INSERT INTO VolunteerTasks (volunteer_id, task_id) VALUES (9077, 153);
INSERT INTO VolunteerTasks (volunteer_id, task_id) VALUES (9122, 6);
INSERT INTO VolunteerTasks (volunteer_id, task_id) VALUES (9122, 36);
INSERT INTO VolunteerTasks (volunteer_id, task_id) VALUES (9122, 53);
INSERT INTO VolunteerTasks (volunteer_id, task_id) VALUES (9122, 79);
INSERT INTO VolunteerTasks (volunteer_id, task_id) VALUES (9122, 111);
INSERT INTO VolunteerTasks (volunteer_id, task_id) VALUES (9122, 120);
INSERT INTO VolunteerTasks (volunteer_id, task_id) VALUES (9122, 154);
INSERT INTO VolunteerTasks (volunteer_id, task_id) VALUES (9347, 19);
INSERT INTO VolunteerTasks (volunteer_id, task_id) VALUES (9347, 25);
INSERT INTO VolunteerTasks (volunteer_id, task_id) VALUES (9347, 50);
INSERT INTO VolunteerTasks (volunteer_id, task_id) VALUES (9347, 85);
INSERT INTO VolunteerTasks (volunteer_id, task_id) VALUES (9347, 106);
INSERT INTO VolunteerTasks (volunteer_id, task_id) VALUES (9347, 109);
INSERT INTO VolunteerTasks (volunteer_id, task_id) VALUES (9536, 55);
INSERT INTO VolunteerTasks (volunteer_id, task_id) VALUES (9536, 103);
INSERT INTO VolunteerTasks (volunteer_id, task_id) VALUES (9536, 108);
INSERT INTO VolunteerTasks (volunteer_id, task_id) VALUES (9536, 150);
INSERT INTO VolunteerTasks (volunteer_id, task_id) VALUES (9641, 42);
INSERT INTO VolunteerTasks (volunteer_id, task_id) VALUES (9641, 90);
INSERT INTO VolunteerTasks (volunteer_id, task_id) VALUES (9641, 97);
INSERT INTO VolunteerTasks (volunteer_id, task_id) VALUES (9641, 100);
INSERT INTO VolunteerTasks (volunteer_id, task_id) VALUES (9802, 57);
INSERT INTO VolunteerTasks (volunteer_id, task_id) VALUES (9802, 59);
INSERT INTO VolunteerTasks (volunteer_id, task_id) VALUES (9802, 75);
INSERT INTO VolunteerTasks (volunteer_id, task_id) VALUES (9802, 139);
INSERT INTO VolunteerTasks (volunteer_id, task_id) VALUES (9802, 149);
INSERT INTO VolunteerTasks (volunteer_id, task_id) VALUES (9852, 9);
INSERT INTO VolunteerTasks (volunteer_id, task_id) VALUES (9852, 37);
INSERT INTO VolunteerTasks (volunteer_id, task_id) VALUES (9852, 53);
INSERT INTO VolunteerTasks (volunteer_id, task_id) VALUES (9852, 62);
INSERT INTO VolunteerTasks (volunteer_id, task_id) VALUES (9930, 18);
INSERT INTO VolunteerTasks (volunteer_id, task_id) VALUES (9930, 65);
INSERT INTO VolunteerTasks (volunteer_id, task_id) VALUES (9930, 146);
